Savings Look-up Tables (using Regression Equations with HDD/CDD as independent variables),None,None_1,None_2,None_3,None_4,None_5,None_6,None_7,None_8,None_9,None_10,None_11,None_12,None_13,None_14,None_15,None_16,None_17,None_18,None_19,None_20,None_21,None_22,None_23,None_24,None_25,None_26,None_27,None_28,None_29,None_30,None_31,None_32,None_33,None_34,None_35,None_36,None_37,None_38,None_39,None_40,None_41,None_42,None_43,None_44,None_45,None_46,None_47,None_48,None_49,None_50,None_51,None_52,None_53,None_54,None_55,None_56,None_57,None_58,None_59,None_60,None_61,None_62,None_63,None_64,None_65,None_66,None_67,None_68,None_69,None_70,None_71,None_72,None_73,None_74,None_75,None_76,None_77,None_78
, ,,,,,,,,Savings ,,,,,,EUI ,,,,,Loads,Loads,,, ,,,,,,,,,,,,,,,,,,,,,,,,,,,,,,,,,,,,,,,,,,,,,,,,,,,,,,,
,,,,,,,,,"Electric Savings, kWh/SF",,"Gas Savings, therms/SF",,Regression_Done,,Base_EUI,CSW_EUI,Percent,Regression_Done,,Baseline Peak Cooling,Clg Load Reduced,Htg Load Reduced,Baseline Peak Cooling,Base Clg Load,CSW Ld Red,CSW Ld Red,CWS Clg Load,Regression_done,,Infil Savings Reduction Factors,,Cool Adjust,,,,,,,,,,,,,,,,,,,,,,,,,,,,,,,,,,,,,,,,,,,,,,,
Base,CSW_Type,Building_Size,Building_Type,HVAC_System_Type,Fuel_Type,PTHP,Hours,Look-up_Conc,Electric_savings_Heat_kWhperSF,electric_savings_Cooling_and_Aux_kWhperSF,Gas_savings_Heat_thermsperSF,,,,Base_EUI_kBtuperSFperyr,CSW_EUI_kBtuperSFperyr,Percent,Regression_Done,,baseline_peak_cooling_BtuhperSF,Clg_Load_reduced_BtuhperSF,htg_load_reduced_BtuhperSF,baseline_peak_cooling_Btuh,base_cooling_load_Tons,CSW_ld_red_Btuh,csw_ld_red_Tons,CWS_Clg_load_Tons,,,infiltration_savings_reduction_factors_Heat,infiltration_reduction_factors_Cool,Cool_adjust,,,,,,,,,,,,,,,,,,,,,,,,,,,,,,,,,,,,,,,,,,,,,,,
Single,Single,Mid,Office,PVAV_Elec,Electric,,2080,"=CONCATENATE(A5,B5,C5,D5,E5,F5,H5)",='Regresson List_Office'!H4+'Regresson List_Office'!I4*Office!$C$23+'Regresson List_Office'!J4*Office!$C$23^2,='Regresson List_Office'!K4+'Regresson List_Office'!L4*Office!$C$24+'Regresson List_Office'!M4*Office!$C$24^2,0,,Y,,='Regresson List_Office'!$H$54+'Regresson List_Office'!$I$54*Office!$C$23+'Regresson List_Office'!$J$54*Office!$C$23^2,=P5-Office!$F$35,=1-(Q5/P5),Y,,='Regresson List_Office'!H44+'Regresson List_Office'!I44*Office!$C$24+'Regresson List_Office'!J44*Office!$C$24^2,='Regresson List_Office'!K44+'Regresson List_Office'!L44*Office!$C$24+'Regresson List_Office'!M44*Office!$C$24^2,,=U5*Office!$F$18,=X5/12000,=V5*Office!$F$27,=Z5/12000,=Y5-AA5,Y,,,,=AG6,,,,,,,,,,,,,,,,,,,,,,,,,,,,,,,,,,,,,,,,,,,,,,,
Single,Single,Mid,Office,PVAV_Elec,Electric,,2912,"=CONCATENATE(A6,B6,C6,D6,E6,F6,H6)",='Regresson List_Office'!H5+'Regresson List_Office'!I5*Office!$C$23+'Regresson List_Office'!J5*Office!$C$23^2,='Regresson List_Office'!K5+'Regresson List_Office'!L5*Office!$C$24+'Regresson List_Office'!M5*Office!$C$24^2,0,,Y,,='Regresson List_Office'!$H$55+'Regresson List_Office'!$I$55*Office!$C$23+'Regresson List_Office'!$J$55*Office!$C$23^2,=P6-Office!$F$35,=1-(Q6/P6),Y,,=U5,=V5,,=U6*Office!$F$18,=X6/12000,=V6*Office!$F$27,=Z6/12000,=Y6-AA6,Y,,,,=AG7,,,,,,,,,,,,,,,,,,,,,,,,,,,,,,,,,,,,,,,,,,,,,,,
Single,Single,Mid,Office,PVAV_Elec,Electric,,8760,"=CONCATENATE(A7,B7,C7,D7,E7,F7,H7)",='Regresson List_Office'!H6+'Regresson List_Office'!I6*Office!$C$23+'Regresson List_Office'!J6*Office!$C$23^2,='Regresson List_Office'!K6+'Regresson List_Office'!L6*Office!$C$24+'Regresson List_Office'!M6*Office!$C$24^2,0,,Y,,='Regresson List_Office'!$H$56+'Regresson List_Office'!$I$56*Office!$C$23+'Regresson List_Office'!$J$56*Office!$C$23^2,=P7-Office!$F$35,=1-(Q7/P7),Y,,=U6,=V6,,=U7*Office!$F$18,=X7/12000,=V7*Office!$F$27,=Z7/12000,=Y7-AA7,Y,,,,=AG8,,,,,,,,,,,,,,,,,,,,,,,,,,,,,,,,,,,,,,,,,,,,,,,
Single,Double,Mid,Office,PVAV_Elec,Electric,,2080,"=CONCATENATE(A8,B8,C8,D8,E8,F8,H8)",='Regresson List_Office'!H7+'Regresson List_Office'!I7*Office!$C$23+'Regresson List_Office'!J7*Office!$C$23^2,='Regresson List_Office'!K7+'Regresson List_Office'!L7*Office!$C$24+'Regresson List_Office'!M7*Office!$C$24^2,0,,Y,,='Regresson List_Office'!$H$54+'Regresson List_Office'!$I$54*Office!$C$23+'Regresson List_Office'!$J$54*Office!$C$23^2,=P8-Office!$F$35,=1-(Q8/P8),Y,,=U7,='Regresson List_Office'!K45+'Regresson List_Office'!L45*Office!$C$24+'Regresson List_Office'!M45*Office!$C$24^2,,=U8*Office!$F$18,=X8/12000,=V8*Office!$F$27,=Z8/12000,=Y8-AA8,Y,,,,=AG9,,,,,,,,,,,,,,,,,,,,,,,,,,,,,,,,,,,,,,,,,,,,,,,
Single,Double,Mid,Office,PVAV_Elec,Electric,,2912,"=CONCATENATE(A9,B9,C9,D9,E9,F9,H9)",='Regresson List_Office'!H8+'Regresson List_Office'!I8*Office!$C$23+'Regresson List_Office'!J8*Office!$C$23^2,='Regresson List_Office'!K8+'Regresson List_Office'!L8*Office!$C$24+'Regresson List_Office'!M8*Office!$C$24^2,0,,Y,,='Regresson List_Office'!$H$55+'Regresson List_Office'!$I$55*Office!$C$23+'Regresson List_Office'!$J$55*Office!$C$23^2,=P9-Office!$F$35,=1-(Q9/P9),Y,,=U8,=V8,,=U9*Office!$F$18,=X9/12000,=V9*Office!$F$27,=Z9/12000,=Y9-AA9,Y,,,,=AG10,,,,,,,,,,,,,,,,,,,,,,,,,,,,,,,,,,,,,,,,,,,,,,,
Single,Double,Mid,Office,PVAV_Elec,Electric,,8760,"=CONCATENATE(A10,B10,C10,D10,E10,F10,H10)",='Regresson List_Office'!H9+'Regresson List_Office'!I9*Office!$C$23+'Regresson List_Office'!J9*Office!$C$23^2,='Regresson List_Office'!K9+'Regresson List_Office'!L9*Office!$C$24+'Regresson List_Office'!M9*Office!$C$24^2,0,,Y,,='Regresson List_Office'!$H$56+'Regresson List_Office'!$I$56*Office!$C$23+'Regresson List_Office'!$J$56*Office!$C$23^2,=P10-Office!$F$35,=1-(Q10/P10),Y,,=U9,=V9,,=U10*Office!$F$18,=X10/12000,=V10*Office!$F$27,=Z10/12000,=Y10-AA10,Y,,,,=AG11,,,,,,,,,,,,,,,,,,,,,,,,,,,,,,,,,,,,,,,,,,,,,,,
Double,Single,Mid,Office,PVAV_Elec,Electric,,2080,"=CONCATENATE(A11,B11,C11,D11,E11,F11,H11)",='Regresson List_Office'!H10+'Regresson List_Office'!I10*Office!$C$23+'Regresson List_Office'!J10*Office!$C$23^2,='Regresson List_Office'!K10+'Regresson List_Office'!L10*Office!$C$24+'Regresson List_Office'!M10*Office!$C$24^2,0,,Y,,='Regresson List_Office'!$H$57+'Regresson List_Office'!$I$57*Office!$C$23+'Regresson List_Office'!$J$57*Office!$C$23^2,=P11-Office!$F$35,=1-(Q11/P11),Y,,='Regresson List_Office'!H46+'Regresson List_Office'!I46*Office!$C$24+'Regresson List_Office'!J46*Office!$C$24^2,='Regresson List_Office'!K46+'Regresson List_Office'!L46*Office!$C$24+'Regresson List_Office'!M46*Office!$C$24^2,,=U11*Office!$F$18,=X11/12000,=V11*Office!$F$27,=Z11/12000,=Y11-AA11,Y,,,,=AG12,,,,,,,,,,,,,,,,,,,,,,,,,,,,,,,,,,,,,,,,,,,,,,,
Double,Single,Mid,Office,PVAV_Elec,Electric,,2912,"=CONCATENATE(A12,B12,C12,D12,E12,F12,H12)",='Regresson List_Office'!H11+'Regresson List_Office'!I11*Office!$C$23+'Regresson List_Office'!J11*Office!$C$23^2,='Regresson List_Office'!K11+'Regresson List_Office'!L11*Office!$C$24+'Regresson List_Office'!M11*Office!$C$24^2,0,,Y,,='Regresson List_Office'!$H$58+'Regresson List_Office'!$I$58*Office!$C$23+'Regresson List_Office'!$J$58*Office!$C$23^2,=P12-Office!$F$35,=1-(Q12/P12),Y,,=U11,=V11,,=U12*Office!$F$18,=X12/12000,=V12*Office!$F$27,=Z12/12000,=Y12-AA12,Y,,,,=AG13,,,,,,,,,,,,,,,,,,,,,,,,,,,,,,,,,,,,,,,,,,,,,,,
Double,Single,Mid,Office,PVAV_Elec,Electric,,8760,"=CONCATENATE(A13,B13,C13,D13,E13,F13,H13)",='Regresson List_Office'!H12+'Regresson List_Office'!I12*Office!$C$23+'Regresson List_Office'!J12*Office!$C$23^2,='Regresson List_Office'!K12+'Regresson List_Office'!L12*Office!$C$24+'Regresson List_Office'!M12*Office!$C$24^2,0,,Y,,='Regresson List_Office'!$H$59+'Regresson List_Office'!$I$59*Office!$C$23+'Regresson List_Office'!$J$59*Office!$C$23^2,=P13-Office!$F$35,=1-(Q13/P13),Y,,=U12,=V12,,=U13*Office!$F$18,=X13/12000,=V13*Office!$F$27,=Z13/12000,=Y13-AA13,Y,,,,=AG14,,,,,,,,,,,,,,,,,,,,,,,,,,,,,,,,,,,,,,,,,,,,,,,
Single,Single,Mid,Office,PVAV_Gas,Natural Gas,,2080,"=CONCATENATE(A14,B14,C14,D14,E14,F14,H14)",0,='Regresson List_Office'!K22+'Regresson List_Office'!L22*Office!$C$24+'Regresson List_Office'!M22*Office!$C$24^2,='Regresson List_Office'!H22+'Regresson List_Office'!I22*Office!$C$23+'Regresson List_Office'!J22*Office!$C$23^2,,Y,,='Regresson List_Office'!$H$60+'Regresson List_Office'!$I$60*Office!$C$23+'Regresson List_Office'!$J$60*Office!$C$23^2,=P14-Office!$F$35,=1-(Q14/P14),Y,,='Regresson List_Office'!H44+'Regresson List_Office'!I44*Office!$C$24+'Regresson List_Office'!J44*Office!$C$24^2,='Regresson List_Office'!K44+'Regresson List_Office'!L44*Office!$C$24+'Regresson List_Office'!M44*Office!$C$24^2,,=U14*Office!$F$18,=X14/12000,=V14*Office!$F$27,=Z14/12000,=Y14-AA14,Y,,,,=AG15,,,,,,,,,,,,,,,,,,,,,,,,,,,,,,,,,,,,,,,,,,,,,,,
Single,Single,Mid,Office,PVAV_Gas,Natural Gas,,2912,"=CONCATENATE(A15,B15,C15,D15,E15,F15,H15)",0,='Regresson List_Office'!K23+'Regresson List_Office'!L23*Office!$C$24+'Regresson List_Office'!M23*Office!$C$24^2,='Regresson List_Office'!H23+'Regresson List_Office'!I23*Office!$C$23+'Regresson List_Office'!J23*Office!$C$23^2,,Y,,='Regresson List_Office'!$H$61+'Regresson List_Office'!$I$61*Office!$C$23+'Regresson List_Office'!$J$61*Office!$C$23^2,=P15-Office!$F$35,=1-(Q15/P15),Y,,=U14,=V14,,=U15*Office!$F$18,=X15/12000,=V15*Office!$F$27,=Z15/12000,=Y15-AA15,Y,,,,=AG16,,,,,,,,,,,,,,,,,,,,,,,,,,,,,,,,,,,,,,,,,,,,,,,
Single,Single,Mid,Office,PVAV_Gas,Natural Gas,,8760,"=CONCATENATE(A16,B16,C16,D16,E16,F16,H16)",0,='Regresson List_Office'!K24+'Regresson List_Office'!L24*Office!$C$24+'Regresson List_Office'!M24*Office!$C$24^2,='Regresson List_Office'!H24+'Regresson List_Office'!I24*Office!$C$23+'Regresson List_Office'!J24*Office!$C$23^2,,Y,,='Regresson List_Office'!$H$62+'Regresson List_Office'!$I$62*Office!$C$23+'Regresson List_Office'!$J$62*Office!$C$23^2,=P16-Office!$F$35,=1-(Q16/P16),Y,,=U15,=V15,,=U16*Office!$F$18,=X16/12000,=V16*Office!$F$27,=Z16/12000,=Y16-AA16,Y,,,,=AG17,,,,,,,,,,,,,,,,,,,,,,,,,,,,,,,,,,,,,,,,,,,,,,,
Single,Double,Mid,Office,PVAV_Gas,Natural Gas,,2080,"=CONCATENATE(A17,B17,C17,D17,E17,F17,H17)",0,='Regresson List_Office'!K25+'Regresson List_Office'!L25*Office!$C$24+'Regresson List_Office'!M25*Office!$C$24^2,='Regresson List_Office'!H25+'Regresson List_Office'!I25*Office!$C$23+'Regresson List_Office'!J25*Office!$C$23^2,,Y,,='Regresson List_Office'!$H$60+'Regresson List_Office'!$I$60*Office!$C$23+'Regresson List_Office'!$J$60*Office!$C$23^2,=P17-Office!$F$35,=1-(Q17/P17),Y,,=U16,='Regresson List_Office'!K45+'Regresson List_Office'!L45*Office!$C$24+'Regresson List_Office'!M45*Office!$C$24^2,,=U17*Office!$F$18,=X17/12000,=V17*Office!$F$27,=Z17/12000,=Y17-AA17,Y,,,,=AG18,,,,,,,,,,,,,,,,,,,,,,,,,,,,,,,,,,,,,,,,,,,,,,,
Single,Double,Mid,Office,PVAV_Gas,Natural Gas,,2912,"=CONCATENATE(A18,B18,C18,D18,E18,F18,H18)",0,='Regresson List_Office'!K26+'Regresson List_Office'!L26*Office!$C$24+'Regresson List_Office'!M26*Office!$C$24^2,='Regresson List_Office'!H26+'Regresson List_Office'!I26*Office!$C$23+'Regresson List_Office'!J26*Office!$C$23^2,,Y,,='Regresson List_Office'!$H$61+'Regresson List_Office'!$I$61*Office!$C$23+'Regresson List_Office'!$J$61*Office!$C$23^2,=P18-Office!$F$35,=1-(Q18/P18),Y,,=U17,=V17,,=U18*Office!$F$18,=X18/12000,=V18*Office!$F$27,=Z18/12000,=Y18-AA18,Y,,,,=AG19,,,,,,,,,,,,,,,,,,,,,,,,,,,,,,,,,,,,,,,,,,,,,,,
Single,Double,Mid,Office,PVAV_Gas,Natural Gas,,8760,"=CONCATENATE(A19,B19,C19,D19,E19,F19,H19)",0,='Regresson List_Office'!K27+'Regresson List_Office'!L27*Office!$C$24+'Regresson List_Office'!M27*Office!$C$24^2,='Regresson List_Office'!H27+'Regresson List_Office'!I27*Office!$C$23+'Regresson List_Office'!J27*Office!$C$23^2,,Y,,='Regresson List_Office'!$H$62+'Regresson List_Office'!$I$62*Office!$C$23+'Regresson List_Office'!$J$62*Office!$C$23^2,=P19-Office!$F$35,=1-(Q19/P19),Y,,=U18,=V18,,=U19*Office!$F$18,=X19/12000,=V19*Office!$F$27,=Z19/12000,=Y19-AA19,Y,,,,=AG20,,,,,,,,,,,,,,,,,,,,,,,,,,,,,,,,,,,,,,,,,,,,,,,
Double,Single,Mid,Office,PVAV_Gas,Natural Gas,,2080,"=CONCATENATE(A20,B20,C20,D20,E20,F20,H20)",0,='Regresson List_Office'!K28+'Regresson List_Office'!L28*Office!$C$24+'Regresson List_Office'!M28*Office!$C$24^2,='Regresson List_Office'!H28+'Regresson List_Office'!I28*Office!$C$23+'Regresson List_Office'!J28*Office!$C$23^2,,Y,,='Regresson List_Office'!$H$63+'Regresson List_Office'!$I$63*Office!$C$23+'Regresson List_Office'!$J$63*Office!$C$23^2,=P20-Office!$F$35,=1-(Q20/P20),Y,,='Regresson List_Office'!H46+'Regresson List_Office'!I46*Office!$C$24+'Regresson List_Office'!J46*Office!$C$24^2,='Regresson List_Office'!K46+'Regresson List_Office'!L46*Office!$C$24+'Regresson List_Office'!M46*Office!$C$24^2,,=U20*Office!$F$18,=X20/12000,=V20*Office!$F$27,=Z20/12000,=Y20-AA20,Y,,,,=AG21,,,,,,,,,,,,,,,,,,,,,,,,,,,,,,,,,,,,,,,,,,,,,,,
Double,Single,Mid,Office,PVAV_Gas,Natural Gas,,2912,"=CONCATENATE(A21,B21,C21,D21,E21,F21,H21)",0,='Regresson List_Office'!K29+'Regresson List_Office'!L29*Office!$C$24+'Regresson List_Office'!M29*Office!$C$24^2,='Regresson List_Office'!H29+'Regresson List_Office'!I29*Office!$C$23+'Regresson List_Office'!J29*Office!$C$23^2,,Y,,='Regresson List_Office'!$H$64+'Regresson List_Office'!$I$64*Office!$C$23+'Regresson List_Office'!$J$64*Office!$C$23^2,=P21-Office!$F$35,=1-(Q21/P21),Y,,=U20,=V20,,=U21*Office!$F$18,=X21/12000,=V21*Office!$F$27,=Z21/12000,=Y21-AA21,Y,,,,=AG22,,,,,,,,,,,,,,,,,,,,,,,,,,,,,,,,,,,,,,,,,,,,,,,
Double,Single,Mid,Office,PVAV_Gas,Natural Gas,,8760,"=CONCATENATE(A22,B22,C22,D22,E22,F22,H22)",0,='Regresson List_Office'!K30+'Regresson List_Office'!L30*Office!$C$24+'Regresson List_Office'!M30*Office!$C$24^2,='Regresson List_Office'!H30+'Regresson List_Office'!I30*Office!$C$23+'Regresson List_Office'!J30*Office!$C$23^2,,Y,,='Regresson List_Office'!$H$65+'Regresson List_Office'!$I$65*Office!$C$23+'Regresson List_Office'!$J$65*Office!$C$23^2,=P22-Office!$F$35,=1-(Q22/P22),Y,,=U21,=V21,,=U22*Office!$F$18,=X22/12000,=V22*Office!$F$27,=Z22/12000,=Y22-AA22,Y,,,,='Regresson List_Office'!H80+'Regresson List_Office'!I80*Office!$C$24+'Regresson List_Office'!J80*Office!$C$24^2+'Regresson List_Office'!K80*Office!$C$24^3,,,,,,,,,,,,,,,,,,,,,,,,,,,,,,,,,,,,,,,,,,,,,,,
Single,Single,Large,Office,VAV,Electric,,2080,"=CONCATENATE(A23,B23,C23,D23,E23,F23,H23)",='Regresson List_Office'!H13+'Regresson List_Office'!I13*Office!$C$23+'Regresson List_Office'!J13*Office!$C$23^2,='Regresson List_Office'!K13+'Regresson List_Office'!L13*Office!$C$24+'Regresson List_Office'!M13*Office!$C$24^2,0,,Y,,='Regresson List_Office'!$H66+'Regresson List_Office'!$I66*Office!$C$23+'Regresson List_Office'!$J66*Office!$C$23^2,=P23-Office!$F$35,=1-(Q23/P23),Y,,='Regresson List_Office'!H47+'Regresson List_Office'!I47*Office!$C$24+'Regresson List_Office'!J47*Office!$C$24^2,='Regresson List_Office'!K47+'Regresson List_Office'!L62*Office!$C$49+'Regresson List_Office'!M47*Office!$C$24^2,,=U23*Office!$F$18,=X23/12000,=V23*Office!$F$27,=Z23/12000,=Y23-AA23,Y,,,,=AG24,,,,,,,,,,,,,,,,,,,,,,,,,,,,,,,,,,,,,,,,,,,,,,,
Single,Single,Large,Office,VAV,Electric,,2912,"=CONCATENATE(A24,B24,C24,D24,E24,F24,H24)",='Regresson List_Office'!H14+'Regresson List_Office'!I14*Office!$C$23+'Regresson List_Office'!J14*Office!$C$23^2,='Regresson List_Office'!K14+'Regresson List_Office'!L14*Office!$C$24+'Regresson List_Office'!M14*Office!$C$24^2,0,,Y,,='Regresson List_Office'!$H67+'Regresson List_Office'!$I67*Office!$C$23+'Regresson List_Office'!$J67*Office!$C$23^2,=P24-Office!$F$35,=1-(Q24/P24),Y,,=U23,=V23,,=U24*Office!$F$18,=X24/12000,=V24*Office!$F$27,=Z24/12000,=Y24-AA24,Y,,,,=AG25,,,,,,,,,,,,,,,,,,,,,,,,,,,,,,,,,,,,,,,,,,,,,,,
Single,Single,Large,Office,VAV,Electric,,8760,"=CONCATENATE(A25,B25,C25,D25,E25,F25,H25)",='Regresson List_Office'!H15+'Regresson List_Office'!I15*Office!$C$23+'Regresson List_Office'!J15*Office!$C$23^2,='Regresson List_Office'!K15+'Regresson List_Office'!L15*Office!$C$24+'Regresson List_Office'!M15*Office!$C$24^2,0,,Y,,='Regresson List_Office'!$H68+'Regresson List_Office'!$I68*Office!$C$23+'Regresson List_Office'!$J68*Office!$C$23^2,=P25-Office!$F$35,=1-(Q25/P25),Y,,=U24,=V24,,=U25*Office!$F$18,=X25/12000,=V25*Office!$F$27,=Z25/12000,=Y25-AA25,Y,,,,=AG26,,,,,,,,,,,,,,,,,,,,,,,,,,,,,,,,,,,,,,,,,,,,,,,
Single,Double,Large,Office,VAV,Electric,,2080,"=CONCATENATE(A26,B26,C26,D26,E26,F26,H26)",='Regresson List_Office'!H16+'Regresson List_Office'!I16*Office!$C$23+'Regresson List_Office'!J16*Office!$C$23^2,='Regresson List_Office'!K16+'Regresson List_Office'!L16*Office!$C$24+'Regresson List_Office'!M16*Office!$C$24^2,0,,Y,,='Regresson List_Office'!$H66+'Regresson List_Office'!$I66*Office!$C$23+'Regresson List_Office'!$J66*Office!$C$23^2,=P26-Office!$F$35,=1-(Q26/P26),Y,,=U25,='Regresson List_Office'!K48+'Regresson List_Office'!L48*Office!$C$24+'Regresson List_Office'!M48*Office!$C$24^2,,=U26*Office!$F$18,=X26/12000,=V26*Office!$F$27,=Z26/12000,=Y26-AA26,Y,,,,=AG27,,,,,,,,,,,,,,,,,,,,,,,,,,,,,,,,,,,,,,,,,,,,,,,
Single,Double,Large,Office,VAV,Electric,,2912,"=CONCATENATE(A27,B27,C27,D27,E27,F27,H27)",='Regresson List_Office'!H17+'Regresson List_Office'!I17*Office!$C$23+'Regresson List_Office'!J17*Office!$C$23^2,='Regresson List_Office'!K17+'Regresson List_Office'!L17*Office!$C$24+'Regresson List_Office'!M17*Office!$C$24^2,0,,Y,,='Regresson List_Office'!$H67+'Regresson List_Office'!$I67*Office!$C$23+'Regresson List_Office'!$J67*Office!$C$23^2,=P27-Office!$F$35,=1-(Q27/P27),Y,,=U26,=V26,,=U27*Office!$F$18,=X27/12000,=V27*Office!$F$27,=Z27/12000,=Y27-AA27,Y,,,,=AG28,,,,,,,,,,,,,,,,,,,,,,,,,,,,,,,,,,,,,,,,,,,,,,,
Single,Double,Large,Office,VAV,Electric,,8760,"=CONCATENATE(A28,B28,C28,D28,E28,F28,H28)",='Regresson List_Office'!H18+'Regresson List_Office'!I18*Office!$C$23+'Regresson List_Office'!J18*Office!$C$23^2,='Regresson List_Office'!K18+'Regresson List_Office'!L18*Office!$C$24+'Regresson List_Office'!M18*Office!$C$24^2,0,,Y,,='Regresson List_Office'!$H68+'Regresson List_Office'!$I68*Office!$C$23+'Regresson List_Office'!$J68*Office!$C$23^2,=P28-Office!$F$35,=1-(Q28/P28),Y,,=U27,=V27,,=U28*Office!$F$18,=X28/12000,=V28*Office!$F$27,=Z28/12000,=Y28-AA28,Y,,,,=AG29,,,,,,,,,,,,,,,,,,,,,,,,,,,,,,,,,,,,,,,,,,,,,,,
Double,Single,Large,Office,VAV,Electric,,2080,"=CONCATENATE(A29,B29,C29,D29,E29,F29,H29)",='Regresson List_Office'!H19+'Regresson List_Office'!I19*Office!$C$23+'Regresson List_Office'!J19*Office!$C$23^2,='Regresson List_Office'!K19+'Regresson List_Office'!L19*Office!$C$24+'Regresson List_Office'!M19*Office!$C$24^2,0,,Y,,='Regresson List_Office'!$H69+'Regresson List_Office'!$I69*Office!$C$23+'Regresson List_Office'!$J69*Office!$C$23^2,=P29-Office!$F$35,=1-(Q29/P29),Y,,='Regresson List_Office'!H49+'Regresson List_Office'!I49*Office!$C$24+'Regresson List_Office'!J49*Office!$C$24^2,='Regresson List_Office'!K49+'Regresson List_Office'!L49*Office!$C$24+'Regresson List_Office'!M49*Office!$C$24^2,,=U29*Office!$F$18,=X29/12000,=V29*Office!$F$27,=Z29/12000,=Y29-AA29,Y,,,,=AG30,,,,,,,,,,,,,,,,,,,,,,,,,,,,,,,,,,,,,,,,,,,,,,,
Double,Single,Large,Office,VAV,Electric,,2912,"=CONCATENATE(A30,B30,C30,D30,E30,F30,H30)",='Regresson List_Office'!H20+'Regresson List_Office'!I20*Office!$C$23+'Regresson List_Office'!J20*Office!$C$23^2,='Regresson List_Office'!K20+'Regresson List_Office'!L20*Office!$C$24+'Regresson List_Office'!M20*Office!$C$24^2,0,,Y,,='Regresson List_Office'!$H70+'Regresson List_Office'!$I70*Office!$C$23+'Regresson List_Office'!$J70*Office!$C$23^2,=P30-Office!$F$35,=1-(Q30/P30),Y,,=U29,=V29,,=U30*Office!$F$18,=X30/12000,=V30*Office!$F$27,=Z30/12000,=Y30-AA30,Y,,,,=AG31,,,,,,,,,,,,,,,,,,,,,,,,,,,,,,,,,,,,,,,,,,,,,,,
Double,Single,Large,Office,VAV,Electric,,8760,"=CONCATENATE(A31,B31,C31,D31,E31,F31,H31)",='Regresson List_Office'!H21+'Regresson List_Office'!I21*Office!$C$23+'Regresson List_Office'!J21*Office!$C$23^2,='Regresson List_Office'!K21+'Regresson List_Office'!L21*Office!$C$24+'Regresson List_Office'!M21*Office!$C$24^2,0,,Y,,='Regresson List_Office'!$H71+'Regresson List_Office'!$I71*Office!$C$23+'Regresson List_Office'!$J71*Office!$C$23^2,=P31-Office!$F$35,=1-(Q31/P31),Y,,=U30,=V30,,=U31*Office!$F$18,=X31/12000,=V31*Office!$F$27,=Z31/12000,=Y31-AA31,Y,,,,=AG32,,,,,,,,,,,,,,,,,,,,,,,,,,,,,,,,,,,,,,,,,,,,,,,
Single,Single,Large,Office,VAV,Natural Gas,,2080,"=CONCATENATE(A32,B32,C32,D32,E32,F32,H32)",0,='Regresson List_Office'!K31+'Regresson List_Office'!L31*Office!$C$24+'Regresson List_Office'!M31*Office!$C$24^2,='Regresson List_Office'!H31+'Regresson List_Office'!I31*Office!$C$23+'Regresson List_Office'!J31*Office!$C$23^2,,Y,,='Regresson List_Office'!$H72+'Regresson List_Office'!$I72*Office!$C$23+'Regresson List_Office'!$J72*Office!$C$23^2,=P32-Office!$F$35,=1-(Q32/P32),Y,,='Regresson List_Office'!H47+'Regresson List_Office'!I47*Office!$C$24+'Regresson List_Office'!J47*Office!$C$24^2,='Regresson List_Office'!K47+'Regresson List_Office'!L47*Office!$C$49+'Regresson List_Office'!M47*Office!$C$24^2,,=U32*Office!$F$18,=X32/12000,=V32*Office!$F$27,=Z32/12000,=Y32-AA32,Y,,,,=AG33,,,,,,,,,,,,,,,,,,,,,,,,,,,,,,,,,,,,,,,,,,,,,,,
Single,Single,Large,Office,VAV,Natural Gas,,2912,"=CONCATENATE(A33,B33,C33,D33,E33,F33,H33)",0,='Regresson List_Office'!K32+'Regresson List_Office'!L32*Office!$C$24+'Regresson List_Office'!M32*Office!$C$24^2,='Regresson List_Office'!H32+'Regresson List_Office'!I32*Office!$C$23+'Regresson List_Office'!J32*Office!$C$23^2,,Y,,='Regresson List_Office'!$H73+'Regresson List_Office'!$I73*Office!$C$23+'Regresson List_Office'!$J73*Office!$C$23^2,=P33-Office!$F$35,=1-(Q33/P33),Y,,=U32,=V32,,=U33*Office!$F$18,=X33/12000,=V33*Office!$F$27,=Z33/12000,=Y33-AA33,Y,,,,=AG34,,,,,,,,,,,,,,,,,,,,,,,,,,,,,,,,,,,,,,,,,,,,,,,
Single,Single,Large,Office,VAV,Natural Gas,,8760,"=CONCATENATE(A34,B34,C34,D34,E34,F34,H34)",0,='Regresson List_Office'!K33+'Regresson List_Office'!L33*Office!$C$24+'Regresson List_Office'!M33*Office!$C$24^2,='Regresson List_Office'!H33+'Regresson List_Office'!I33*Office!$C$23+'Regresson List_Office'!J33*Office!$C$23^2,,Y,,='Regresson List_Office'!$H74+'Regresson List_Office'!$I74*Office!$C$23+'Regresson List_Office'!$J74*Office!$C$23^2,=P34-Office!$F$35,=1-(Q34/P34),Y,,=U33,=V33,,=U34*Office!$F$18,=X34/12000,=V34*Office!$F$27,=Z34/12000,=Y34-AA34,Y,,,,=AG35,,,,,,,,,,,,,,,,,,,,,,,,,,,,,,,,,,,,,,,,,,,,,,,
Single,Double,Large,Office,VAV,Natural Gas,,2080,"=CONCATENATE(A35,B35,C35,D35,E35,F35,H35)",0,='Regresson List_Office'!K34+'Regresson List_Office'!L34*Office!$C$24+'Regresson List_Office'!M34*Office!$C$24^2,='Regresson List_Office'!H34+'Regresson List_Office'!I34*Office!$C$23+'Regresson List_Office'!J34*Office!$C$23^2,,Y,,='Regresson List_Office'!$H72+'Regresson List_Office'!$I72*Office!$C$23+'Regresson List_Office'!$J72*Office!$C$23^2,=P35-Office!$F$35,=1-(Q35/P35),Y,,=U34,='Regresson List_Office'!K48+'Regresson List_Office'!L48*Office!$C$24+'Regresson List_Office'!M48*Office!$C$24^2,,=U35*Office!$F$18,=X35/12000,=V35*Office!$F$27,=Z35/12000,=Y35-AA35,Y,,,,=AG36,,,,,,,,,,,,,,,,,,,,,,,,,,,,,,,,,,,,,,,,,,,,,,,
Single,Double,Large,Office,VAV,Natural Gas,,2912,"=CONCATENATE(A36,B36,C36,D36,E36,F36,H36)",0,='Regresson List_Office'!K35+'Regresson List_Office'!L35*Office!$C$24+'Regresson List_Office'!M35*Office!$C$24^2,='Regresson List_Office'!H35+'Regresson List_Office'!I35*Office!$C$23+'Regresson List_Office'!J35*Office!$C$23^2,,Y,,='Regresson List_Office'!$H73+'Regresson List_Office'!$I73*Office!$C$23+'Regresson List_Office'!$J73*Office!$C$23^2,=P36-Office!$F$35,=1-(Q36/P36),Y,,=U35,=V35,,=U36*Office!$F$18,=X36/12000,=V36*Office!$F$27,=Z36/12000,=Y36-AA36,Y,,,,=AG37,,,,,,,,,,,,,,,,,,,,,,,,,,,,,,,,,,,,,,,,,,,,,,,
Single,Double,Large,Office,VAV,Natural Gas,,8760,"=CONCATENATE(A37,B37,C37,D37,E37,F37,H37)",0,='Regresson List_Office'!K36+'Regresson List_Office'!L36*Office!$C$24+'Regresson List_Office'!M36*Office!$C$24^2,='Regresson List_Office'!H36+'Regresson List_Office'!I36*Office!$C$23+'Regresson List_Office'!J36*Office!$C$23^2,,Y,,='Regresson List_Office'!$H74+'Regresson List_Office'!$I74*Office!$C$23+'Regresson List_Office'!$J74*Office!$C$23^2,=P37-Office!$F$35,=1-(Q37/P37),Y,,=U36,=V36,,=U37*Office!$F$18,=X37/12000,=V37*Office!$F$27,=Z37/12000,=Y37-AA37,Y,,,,=AG38,,,,,,,,,,,,,,,,,,,,,,,,,,,,,,,,,,,,,,,,,,,,,,,
Double,Single,Large,Office,VAV,Natural Gas,,2080,"=CONCATENATE(A38,B38,C38,D38,E38,F38,H38)",0,='Regresson List_Office'!K37+'Regresson List_Office'!L37*Office!$C$24+'Regresson List_Office'!M37*Office!$C$24^2,='Regresson List_Office'!H37+'Regresson List_Office'!I37*Office!$C$23+'Regresson List_Office'!J37*Office!$C$23^2,,Y,,='Regresson List_Office'!$H75+'Regresson List_Office'!$I75*Office!$C$23+'Regresson List_Office'!$J75*Office!$C$23^2,=P38-Office!$F$35,=1-(Q38/P38),Y,,='Regresson List_Office'!H49+'Regresson List_Office'!I49*Office!$C$24+'Regresson List_Office'!J49*Office!$C$24^2,='Regresson List_Office'!K49+'Regresson List_Office'!L49*Office!$C$24+'Regresson List_Office'!M49*Office!$C$24^2,,=U38*Office!$F$18,=X38/12000,=V38*Office!$F$27,=Z38/12000,=Y38-AA38,Y,,,,=AG39,,,,,,,,,,,,,,,,,,,,,,,,,,,,,,,,,,,,,,,,,,,,,,,
Double,Single,Large,Office,VAV,Natural Gas,,2912,"=CONCATENATE(A39,B39,C39,D39,E39,F39,H39)",0,='Regresson List_Office'!K38+'Regresson List_Office'!L38*Office!$C$24+'Regresson List_Office'!M38*Office!$C$24^2,='Regresson List_Office'!H38+'Regresson List_Office'!I38*Office!$C$23+'Regresson List_Office'!J38*Office!$C$23^2,,Y,,='Regresson List_Office'!$H76+'Regresson List_Office'!$I76*Office!$C$23+'Regresson List_Office'!$J76*Office!$C$23^2,=P39-Office!$F$35,=1-(Q39/P39),Y,,=U38,=V38,,=U39*Office!$F$18,=X39/12000,=V39*Office!$F$27,=Z39/12000,=Y39-AA39,Y,,,,=AG40,,,,,,,,,,,,,,,,,,,,,,,,,,,,,,,,,,,,,,,,,,,,,,,
Double,Single,Large,Office,VAV,Natural Gas,,8760,"=CONCATENATE(A40,B40,C40,D40,E40,F40,H40)",0,='Regresson List_Office'!K39+'Regresson List_Office'!L39*Office!$C$24+'Regresson List_Office'!M39*Office!$C$24^2,='Regresson List_Office'!H39+'Regresson List_Office'!I39*Office!$C$23+'Regresson List_Office'!J39*Office!$C$23^2,,Y,,='Regresson List_Office'!$H77+'Regresson List_Office'!$I77*Office!$C$23+'Regresson List_Office'!$J77*Office!$C$23^2,=P40-Office!$F$35,=1-(Q40/P40),Y,,=U39,=V39,,=U40*Office!$F$18,=X40/12000,=V40*Office!$F$27,=Z40/12000,=Y40-AA40,Y,,,,='Regresson List_Office'!$H$81+'Regresson List_Office'!$I$81*Office!$C$24+'Regresson List_Office'!$J$81*Office!$C$24^2+'Regresson List_Office'!$K$81*Office!$C$24^3,,,,,,,,,,,,,,,,,,,,,,,,,,,,,,,,,,,,,,,,,,,,,,,
Single,Single,Small,Hotel,PTAC,Electric,,33,"=CONCATENATE(A41,B41,C41,D41,E41,F41,H41)",='Regresson List_SH'!H4+'Regresson List_SH'!I4*Hotel!$C$23+'Regresson List_SH'!J4*Hotel!$C$23^2,='Regresson List_SH'!K4+'Regresson List_SH'!L4*Hotel!$C$24+'Regresson List_SH'!M4*Hotel!$C$24^2,0,='Regresson List_SH'!D37+'Regresson List_SH'!E37*Hotel!$C$24+'Regresson List_SH'!F37*Hotel!$C$24^2+'Regresson List_SH'!G37*Hotel!C24^3,Y,,='Regresson List_SH'!$H$27+'Regresson List_SH'!$I$27*Hotel!$C$23+'Regresson List_SH'!$J$27*Hotel!$C$23^2,=P41-Hotel!$F$35,=1-(Q41/P41),Y,,='Regresson List_SH'!H20+'Regresson List_SH'!I20*Hotel!$C$24+'Regresson List_SH'!J20*Hotel!$C$24^2,='Regresson List_SH'!K20+'Regresson List_SH'!L20*Hotel!$C$24+'Regresson List_SH'!M20*Hotel!$C$24^2,,=U41*Hotel!$F$18,=X41/12000,=V41*Hotel!$F$27,=Z41/12000,=Y41-AA41,Y,,,,=#REF!,,,,,,,,,,,,,,,,,,,,,,,,,,,,,,,,,,,,,,,,,,,,,,,
Single,Single,Small,Hotel,PTAC,Electric,,100,"=CONCATENATE(A42,B42,C42,D42,E42,F42,H42)",='Regresson List_SH'!H5+'Regresson List_SH'!I5*Hotel!$C$23+'Regresson List_SH'!J5*Hotel!$C$23^2,='Regresson List_SH'!K5+'Regresson List_SH'!L5*Hotel!$C$24+'Regresson List_SH'!M5*Hotel!$C$24^2,0,=M41,Y,,='Regresson List_SH'!$H$28+'Regresson List_SH'!$I$28*Hotel!$C$23+'Regresson List_SH'!$J$28*Hotel!$C$23^2,=P42-Hotel!$F$35,=1-(Q42/P42),Y,,=U41,=V41,,=U42*Hotel!$F$18,=X42/12000,=V42*Hotel!$F$27,=Z42/12000,=Y42-AA42,Y,,,,=AG43,,,,,,,,,,,,,,,,,,,,,,,,,,,,,,,,,,,,,,,,,,,,,,,
Single,Double,Small,Hotel,PTAC,Electric,,33,"=CONCATENATE(A43,B43,C43,D43,E43,F43,H43)",='Regresson List_SH'!H6+'Regresson List_SH'!I6*Hotel!$C$23+'Regresson List_SH'!J6*Hotel!$C$23^2,='Regresson List_SH'!K6+'Regresson List_SH'!L6*Hotel!$C$24+'Regresson List_SH'!M6*Hotel!$C$24^2,0,=M42,Y,,=P41,=P43-Hotel!$F$35,=1-(Q43/P43),Y,,='Regresson List_SH'!H21+'Regresson List_SH'!I21*Hotel!$C$24+'Regresson List_SH'!J21*Hotel!$C$24^2,='Regresson List_SH'!K21+'Regresson List_SH'!L21*Hotel!$C$24+'Regresson List_SH'!M21*Hotel!$C$24^2,,=U43*Hotel!$F$18,=X43/12000,=V43*Hotel!$F$27,=Z43/12000,=Y43-AA43,Y,,,,=#REF!,,,,,,,,,,,,,,,,,,,,,,,,,,,,,,,,,,,,,,,,,,,,,,,
Single,Double,Small,Hotel,PTAC,Electric,,100,"=CONCATENATE(A44,B44,C44,D44,E44,F44,H44)",='Regresson List_SH'!H7+'Regresson List_SH'!I7*Hotel!$C$23+'Regresson List_SH'!J7*Hotel!$C$23^2,='Regresson List_SH'!K7+'Regresson List_SH'!L7*Hotel!$C$24+'Regresson List_SH'!M7*Hotel!$C$24^2,0,=M43,Y,,=P42,=P44-Hotel!$F$35,=1-(Q44/P44),Y,,=U43,=V43,,=U44*Hotel!$F$18,=X44/12000,=V44*Hotel!$F$27,=Z44/12000,=Y44-AA44,Y,,,,=AG45,,,,,,,,,,,,,,,,,,,,,,,,,,,,,,,,,,,,,,,,,,,,,,,
Double,Single,Small,Hotel,PTAC,Electric,,33,"=CONCATENATE(A45,B45,C45,D45,E45,F45,H45)",='Regresson List_SH'!H8+'Regresson List_SH'!I8*Hotel!$C$23+'Regresson List_SH'!J8*Hotel!$C$23^2,='Regresson List_SH'!K8+'Regresson List_SH'!L8*Hotel!$C$24+'Regresson List_SH'!M8*Hotel!$C$24^2,0,=M44,Y,,='Regresson List_SH'!H29+'Regresson List_SH'!I29*Hotel!$C$23+'Regresson List_SH'!J29*Hotel!$C$23^2,=P45-Hotel!$F$35,=1-(Q45/P45),Y,,='Regresson List_SH'!H22+'Regresson List_SH'!I22*Hotel!$C$24+'Regresson List_SH'!J22*Hotel!$C$24^2,='Regresson List_SH'!K22+'Regresson List_SH'!L22*Hotel!$C$24+'Regresson List_SH'!M22*Hotel!$C$24^2,,=U45*Hotel!$F$18,=X45/12000,=V45*Hotel!$F$27,=Z45/12000,=Y45-AA45,Y,,,,=#REF!,,,,,,,,,,,,,,,,,,,,,,,,,,,,,,,,,,,,,,,,,,,,,,,
Double,Single,Small,Hotel,PTAC,Electric,,100,"=CONCATENATE(A46,B46,C46,D46,E46,F46,H46)",='Regresson List_SH'!H9+'Regresson List_SH'!I9*Hotel!$C$23+'Regresson List_SH'!J9*Hotel!$C$23^2,='Regresson List_SH'!K9+'Regresson List_SH'!L9*Hotel!$C$24+'Regresson List_SH'!M9*Hotel!$C$24^2,0,=M45,Y,,='Regresson List_SH'!H30+'Regresson List_SH'!I30*Hotel!$C$23+'Regresson List_SH'!J30*Hotel!$C$23^2,=P46-Hotel!$F$35,=1-(Q46/P46),Y,,=U45,=V45,,=U46*Hotel!$F$18,=X46/12000,=V46*Hotel!$F$27,=Z46/12000,=Y46-AA46,Y,,,,=AG47,,,,,,,,,,,,,,,,,,,,,,,,,,,,,,,,,,,,,,,,,,,,,,,
Single,Single,Small,Hotel,PTHP,Electric,Low,33,"=CONCATENATE(A47,B47,C47,D47,E47,F47,G47,H47)",='Regresson List_SH'!H10+'Regresson List_SH'!I10*Hotel!$C$23+'Regresson List_SH'!J10*Hotel!$C$23^2,='Regresson List_SH'!K10+'Regresson List_SH'!L10*Hotel!$C$24+'Regresson List_SH'!M10*Hotel!$C$24^2,0,=M46,Y,,='Regresson List_SH'!H31+'Regresson List_SH'!I31*Hotel!$C$23+'Regresson List_SH'!J31*Hotel!$C$23^2,=P47-Hotel!$F$35,=1-(Q47/P47),Y,,=U41,=V41,,=U47*Hotel!$F$18,=X47/12000,=V47*Hotel!$F$27,=Z47/12000,=Y47-AA47,Y,,,,=AG48,,,,,,,,,,,,,,,,,,,,,,,,,,,,,,,,,,,,,,,,,,,,,,,
Single,Single,Small,Hotel,PTHP,Electric,High,33,"=CONCATENATE(A48,B48,C48,D48,E48,F48,G48,H48)",='Regresson List_SH'!N10+'Regresson List_SH'!O10*Hotel!$C$23+'Regresson List_SH'!P10*Hotel!$C$23^2,=K47,0,=M47,Y,,=P47,=P48-Hotel!$F$35,=1-(Q48/P48),Y,,=U47,=V47,,=U48*Hotel!$F$18,=X48/12000,=V48*Hotel!$F$27,=Z48/12000,=Y48-AA48,Y,,,,=AG50,,,,,,,,,,,,,,,,,,,,,,,,,,,,,,,,,,,,,,,,,,,,,,,
Single,Single,Small,Hotel,PTHP,Electric,Low,100,"=CONCATENATE(A49,B49,C49,D49,E49,F49,G49,H49)",='Regresson List_SH'!H11+'Regresson List_SH'!I11*Hotel!$C$23+'Regresson List_SH'!J11*Hotel!$C$23^2,='Regresson List_SH'!K11+'Regresson List_SH'!L11*Hotel!$C$24+'Regresson List_SH'!M11*Hotel!$C$24^2,0,=M48,Y,,='Regresson List_SH'!H32+'Regresson List_SH'!I32*Hotel!$C$23+'Regresson List_SH'!J32*Hotel!$C$23^2,=P49-Hotel!$F$35,=1-(Q49/P49),Y,,=U43,=V48,,=U49*Hotel!$F$18,=X49/12000,=V49*Hotel!$F$27,=Z49/12000,=Y49-AA49,Y,,,,,,,,,,,,,,,,,,,,,,,,,,,,,,,,,,,,,,,,,,,,,,,,,,,
Single,Single,Small,Hotel,PTHP,Electric,High,100,"=CONCATENATE(A50,B50,C50,D50,E50,F50,G50,H50)",='Regresson List_SH'!N11+'Regresson List_SH'!O11*Hotel!$C$23+'Regresson List_SH'!P11*Hotel!$C$23^2,='Regresson List_SH'!K11+'Regresson List_SH'!L11*Hotel!$C$24+'Regresson List_SH'!M11*Hotel!$C$24^2,0,=M49,Y,,='Regresson List_SH'!$H32+'Regresson List_SH'!$I32*Hotel!$C$23+'Regresson List_SH'!$J32*Hotel!$C$23^2,=P50-Hotel!$F$35,=1-(Q50/P50),Y,,=U44,=V42,,=U50*Hotel!$F$18,=X50/12000,=V50*Hotel!$F$27,=Z50/12000,=Y50-AA50,Y,,,,=AG51,,,,,,,,,,,,,,,,,,,,,,,,,,,,,,,,,,,,,,,,,,,,,,,
Single,Double,Small,Hotel,PTHP,Electric,Low,33,"=CONCATENATE(A51,B51,C51,D51,E51,F51,G51,H51)",='Regresson List_SH'!H12+'Regresson List_SH'!I12*Hotel!$C$23+'Regresson List_SH'!J12*Hotel!$C$23^2,='Regresson List_SH'!K12+'Regresson List_SH'!L12*Hotel!$C$24+'Regresson List_SH'!M12*Hotel!$C$24^2,0,=M50,Y,,=P47,=P51-Hotel!$F$35,=1-(Q51/P51),Y,,=U43,=V43,,=U51*Hotel!$F$18,=X51/12000,=V51*Hotel!$F$27,=Z51/12000,=Y51-AA51,Y,,,,=AG52,,,,,,,,,,,,,,,,,,,,,,,,,,,,,,,,,,,,,,,,,,,,,,,
Single,Double,Small,Hotel,PTHP,Electric,High,33,"=CONCATENATE(A52,B52,C52,D52,E52,F52,G52,H52)",='Regresson List_SH'!N12+'Regresson List_SH'!O12*Hotel!$C$23+'Regresson List_SH'!P12*Hotel!$C$23^2,=K51,0,=M51,Y,,=P48,=P52-Hotel!$F$35,=1-(Q52/P52),Y,,=U43,=V51,,=U52*Hotel!$F$18,=X52/12000,=V52*Hotel!$F$27,=Z52/12000,=Y52-AA52,Y,,,,=AG54,,,,,,,,,,,,,,,,,,,,,,,,,,,,,,,,,,,,,,,,,,,,,,,
Single,Double,Small,Hotel,PTHP,Electric,Low,100,"=CONCATENATE(A53,B53,C53,D53,E53,F53,G53,H53)",='Regresson List_SH'!H13+'Regresson List_SH'!I13*Hotel!$C$23+'Regresson List_SH'!J13*Hotel!$C$23^2,='Regresson List_SH'!K13+'Regresson List_SH'!L13*Hotel!$C$24+'Regresson List_SH'!M13*Hotel!$C$24^2,0,=M52,Y,,=P49,=P53-Hotel!$F$35,=1-(Q53/P53),Y,,=U52,=V52,,=U53*Hotel!$F$18,=X53/12000,=V53*Hotel!$F$27,=Z53/12000,=Y53-AA53,Y,,,,,,,,,,,,,,,,,,,,,,,,,,,,,,,,,,,,,,,,,,,,,,,,,,,
Single,Double,Small,Hotel,PTHP,Electric,High,100,"=CONCATENATE(A54,B54,C54,D54,E54,F54,G54,H54)",='Regresson List_SH'!N13+'Regresson List_SH'!O13*Hotel!$C$23+'Regresson List_SH'!P13*Hotel!$C$23^2,='Regresson List_SH'!K13+'Regresson List_SH'!L13*Hotel!$C$24+'Regresson List_SH'!M13*Hotel!$C$24^2,0,=M53,Y,,=P53,=P54-Hotel!$F$35,=1-(Q54/P54),Y,,=U44,=V44,,=U54*Hotel!$F$18,=X54/12000,=V54*Hotel!$F$27,=Z54/12000,=Y54-AA54,Y,,,,=AG55,,,,,,,,,,,,,,,,,,,,,,,,,,,,,,,,,,,,,,,,,,,,,,,
Double,Single,Small,Hotel,PTHP,Electric,Low,33,"=CONCATENATE(A55,B55,C55,D55,E55,F55,G55,H55)",='Regresson List_SH'!H14+'Regresson List_SH'!I14*Hotel!$C$23+'Regresson List_SH'!J14*Hotel!$C$23^2,='Regresson List_SH'!K14+'Regresson List_SH'!L14*Hotel!$C$24+'Regresson List_SH'!M14*Hotel!$C$24^2,0,=M54,Y,,='Regresson List_SH'!H33+'Regresson List_SH'!I33*Hotel!$C$23+'Regresson List_SH'!J33*Hotel!$C$23^2,=P55-Hotel!$F$35,=1-(Q55/P55),Y,,=U45,=V45,,=U55*Hotel!$F$18,=X55/12000,=V55*Hotel!$F$27,=Z55/12000,=Y55-AA55,Y,,,,=AG56,,,,,,,,,,,,,,,,,,,,,,,,,,,,,,,,,,,,,,,,,,,,,,,
Double,Single,Small,Hotel,PTHP,Electric,High,33,"=CONCATENATE(A56,B56,C56,D56,E56,F56,G56,H56)",='Regresson List_SH'!N14+'Regresson List_SH'!O14*Hotel!$C$23+'Regresson List_SH'!P14*Hotel!$C$23^2,=K55,0,=M55,Y,,=P55,=P56-Hotel!$F$35,=1-(Q56/P56),Y,,=U55,=V55,,=U56*Hotel!$F$18,=X56/12000,=V56*Hotel!$F$27,=Z56/12000,=Y56-AA56,Y,,,,=AG58,,,,,,,,,,,,,,,,,,,,,,,,,,,,,,,,,,,,,,,,,,,,,,,
Double,Single,Small,Hotel,PTHP,Electric,Low,100,"=CONCATENATE(A57,B57,C57,D57,E57,F57,G57,H57)",='Regresson List_SH'!H15+'Regresson List_SH'!I15*Hotel!$C$23+'Regresson List_SH'!J15*Hotel!$C$23^2,='Regresson List_SH'!K15+'Regresson List_SH'!L15*Hotel!$C$24+'Regresson List_SH'!M15*Hotel!$C$24^2,0,=M56,Y,,='Regresson List_SH'!H34+'Regresson List_SH'!I34*Hotel!$C$23+'Regresson List_SH'!J34*Hotel!$C$23^2,=P57-Hotel!$F$35,=1-(Q57/P57),Y,,=U56,=V56,,=U57*Hotel!$F$18,=X57/12000,=V57*Hotel!$F$27,=Z57/12000,=Y57-AA57,Y,,,,,,,,,,,,,,,,,,,,,,,,,,,,,,,,,,,,,,,,,,,,,,,,,,,
Double,Single,Small,Hotel,PTHP,Electric,High,100,"=CONCATENATE(A58,B58,C58,D58,E58,F58,G58,H58)",='Regresson List_SH'!N15+'Regresson List_SH'!O15*Hotel!$C$23+'Regresson List_SH'!P15*Hotel!$C$23^2,='Regresson List_SH'!K15+'Regresson List_SH'!L15*Hotel!$C$24+'Regresson List_SH'!M15*Hotel!$C$24^2,0,=M57,Y,,=P57,=P58-Hotel!$F$35,=1-(Q58/P58),Y,,=U46,=V46,,=U58*Hotel!$F$18,=X58/12000,=V58*Hotel!$F$27,=Z58/12000,=Y58-AA58,Y,,,,='Regresson List_SH'!D37+'Regresson List_SH'!E37*Hotel!$C$24+'Regresson List_SH'!F37*Hotel!$C$24^2+'Regresson List_SH'!G37*Hotel!$C$24^3,,,,,,,,,,,,,,,,,,,,,,,,,,,,,,,,,,,,,,,,,,,,,,,
Single,Single,Large,Hotel,FCU,Electric,,33,"=CONCATENATE(A59,B59,C59,D59,E59,F59,H59)",='Regresson List_LH'!H4+'Regresson List_LH'!I4*Hotel!$C$23+'Regresson List_LH'!J4*Hotel!$C$23^2,='Regresson List_LH'!K4+'Regresson List_LH'!L4*Hotel!$C$24+'Regresson List_LH'!M4*Hotel!$C$24^2,0,,Y,,='Regresson List_LH'!$H27+'Regresson List_LH'!$I27*Hotel!$C$23+'Regresson List_LH'!$J27*Hotel!$C$23^2,=P59-Hotel!$F$35,=1-(Q59/P59),Y,,='Regresson List_LH'!H20+'Regresson List_LH'!I20*Hotel!$C$24+'Regresson List_LH'!J20*Hotel!$C$24^2,='Regresson List_LH'!K20+'Regresson List_LH'!L20*Hotel!$C$24+'Regresson List_LH'!M20*Hotel!$C$24^2,,=U59*Hotel!$F$18,=X59/12000,=V59*Hotel!$F$27,=Z59/12000,=Y59-AA59,Y,,,,=#REF!,,,,,,,,,,,,,,,,,,,,,,,,,,,,,,,,,,,,,,,,,,,,,,,
Single,Single,Large,Hotel,FCU,Electric,,100,"=CONCATENATE(A60,B60,C60,D60,E60,F60,H60)",='Regresson List_LH'!H5+'Regresson List_LH'!I5*Hotel!$C$23+'Regresson List_LH'!J5*Hotel!$C$23^2,='Regresson List_LH'!K5+'Regresson List_LH'!L5*Hotel!$C$24+'Regresson List_LH'!M5*Hotel!$C$24^2,0,,Y,,='Regresson List_LH'!$H28+'Regresson List_LH'!$I28*Hotel!$C$23+'Regresson List_LH'!$J28*Hotel!$C$23^2,=P60-Hotel!$F$35,=1-(Q60/P60),Y,,=U59,=V59,,=U60*Hotel!$F$18,=X60/12000,=V60*Hotel!$F$27,=Z60/12000,=Y60-AA60,Y,,,,=AG61,,,,,,,,,,,,,,,,,,,,,,,,,,,,,,,,,,,,,,,,,,,,,,,
Single,Double,Large,Hotel,FCU,Electric,,33,"=CONCATENATE(A61,B61,C61,D61,E61,F61,H61)",='Regresson List_LH'!H6+'Regresson List_LH'!I6*Hotel!$C$23+'Regresson List_LH'!J6*Hotel!$C$23^2,='Regresson List_LH'!K6+'Regresson List_LH'!L6*Hotel!$C$24+'Regresson List_LH'!M6*Hotel!$C$24^2,0,,Y,,='Regresson List_LH'!$H27+'Regresson List_LH'!$I27*Hotel!$C$23+'Regresson List_LH'!$J27*Hotel!$C$23^2,=P61-Hotel!$F$35,=1-(Q61/P61),Y,,='Regresson List_LH'!H21+'Regresson List_LH'!I21*Hotel!$C$24+'Regresson List_LH'!J21*Hotel!$C$24^2,='Regresson List_LH'!K21+'Regresson List_LH'!L21*Hotel!$C$24+'Regresson List_LH'!M21*Hotel!$C$24^2,,=U61*Hotel!$F$18,=X61/12000,=V61*Hotel!$F$27,=Z61/12000,=Y61-AA61,Y,,,,=#REF!,,,,,,,,,,,,,,,,,,,,,,,,,,,,,,,,,,,,,,,,,,,,,,,
Single,Double,Large,Hotel,FCU,Electric,,100,"=CONCATENATE(A62,B62,C62,D62,E62,F62,H62)",='Regresson List_LH'!H7+'Regresson List_LH'!I7*Hotel!$C$23+'Regresson List_LH'!J7*Hotel!$C$23^2,='Regresson List_LH'!K7+'Regresson List_LH'!L7*Hotel!$C$24+'Regresson List_LH'!M7*Hotel!$C$24^2,0,,Y,,='Regresson List_LH'!$H28+'Regresson List_LH'!$I28*Hotel!$C$23+'Regresson List_LH'!$J28*Hotel!$C$23^2,=P62-Hotel!$F$35,=1-(Q62/P62),Y,,=U61,=V61,,=U62*Hotel!$F$18,=X62/12000,=V62*Hotel!$F$27,=Z62/12000,=Y62-AA62,Y,,,,=AG63,,,,,,,,,,,,,,,,,,,,,,,,,,,,,,,,,,,,,,,,,,,,,,,
Double,Single,Large,Hotel,FCU,Electric,,33,"=CONCATENATE(A63,B63,C63,D63,E63,F63,H63)",='Regresson List_LH'!H8+'Regresson List_LH'!I8*Hotel!$C$23+'Regresson List_LH'!J8*Hotel!$C$23^2,='Regresson List_LH'!K8+'Regresson List_LH'!L8*Hotel!$C$24+'Regresson List_LH'!M8*Hotel!$C$24^2,0,,Y,,='Regresson List_LH'!$H29+'Regresson List_LH'!$I29*Hotel!$C$23+'Regresson List_LH'!$J29*Hotel!$C$23^2,=P63-Hotel!$F$35,=1-(Q63/P63),Y,,='Regresson List_LH'!H22+'Regresson List_LH'!I22*Hotel!$C$24+'Regresson List_LH'!J22*Hotel!$C$24^2,='Regresson List_LH'!K22+'Regresson List_LH'!L22*Hotel!$C$24+'Regresson List_LH'!M22*Hotel!$C$24^2,,=U63*Hotel!$F$18,=X63/12000,=V63*Hotel!$F$27,=Z63/12000,=Y63-AA63,Y,,,,=#REF!,,,,,,,,,,,,,,,,,,,,,,,,,,,,,,,,,,,,,,,,,,,,,,,
Double,Single,Large,Hotel,FCU,Electric,,100,"=CONCATENATE(A64,B64,C64,D64,E64,F64,H64)",='Regresson List_LH'!H9+'Regresson List_LH'!I9*Hotel!$C$23+'Regresson List_LH'!J9*Hotel!$C$23^2,='Regresson List_LH'!K9+'Regresson List_LH'!L9*Hotel!$C$24+'Regresson List_LH'!M9*Hotel!$C$24^2,0,,Y,,='Regresson List_LH'!$H30+'Regresson List_LH'!$I30*Hotel!$C$23+'Regresson List_LH'!$J30*Hotel!$C$23^2,=P64-Hotel!$F$35,=1-(Q64/P64),Y,,=U63,=V63,,=U64*Hotel!$F$18,=X64/12000,=V64*Hotel!$F$27,=Z64/12000,=Y64-AA64,Y,,,,=AG65,,,,,,,,,,,,,,,,,,,,,,,,,,,,,,,,,,,,,,,,,,,,,,,
Single,Single,Large,Hotel,FCU,Natural Gas,,33,"=CONCATENATE(A65,B65,C65,D65,E65,F65,H65)",0,='Regresson List_LH'!K10+'Regresson List_LH'!L10*Hotel!$C$24+'Regresson List_LH'!M10*Hotel!$C$24^2,='Regresson List_LH'!H10+'Regresson List_LH'!I10*Hotel!$C$23+'Regresson List_LH'!J10*Hotel!$C$23^2,,Y,,='Regresson List_LH'!$H31+'Regresson List_LH'!$I31*Hotel!$C$23+'Regresson List_LH'!$J31*Hotel!$C$23^2,=P65-Hotel!$F$35,=1-(Q65/P65),Y,,=U59,=V59,,=U65*Hotel!$F$18,=X65/12000,=V65*Hotel!$F$27,=Z65/12000,=Y65-AA65,Y,,,,=#REF!,,,,,,,,,,,,,,,,,,,,,,,,,,,,,,,,,,,,,,,,,,,,,,,
Single,Single,Large,Hotel,FCU,Natural Gas,,100,"=CONCATENATE(A66,B66,C66,D66,E66,F66,H66)",0,='Regresson List_LH'!K11+'Regresson List_LH'!L11*Hotel!$C$24+'Regresson List_LH'!M11*Hotel!$C$24^2,='Regresson List_LH'!H11+'Regresson List_LH'!I11*Hotel!$C$23+'Regresson List_LH'!J11*Hotel!$C$23^2,,Y,,='Regresson List_LH'!$H32+'Regresson List_LH'!$I32*Hotel!$C$23+'Regresson List_LH'!$J32*Hotel!$C$23^2,=P66-Hotel!$F$35,=1-(Q66/P66),Y,,=U60,=V60,,=U66*Hotel!$F$18,=X66/12000,=V66*Hotel!$F$27,=Z66/12000,=Y66-AA66,Y,,,,=AG67,,,,,,,,,,,,,,,,,,,,,,,,,,,,,,,,,,,,,,,,,,,,,,,
Single,Double,Large,Hotel,FCU,Natural Gas,,33,"=CONCATENATE(A67,B67,C67,D67,E67,F67,H67)",0,='Regresson List_LH'!K12+'Regresson List_LH'!L12*Hotel!$C$24+'Regresson List_LH'!M12*Hotel!$C$24^2,='Regresson List_LH'!H12+'Regresson List_LH'!I12*Hotel!$C$23+'Regresson List_LH'!J12*Hotel!$C$23^2,,Y,,='Regresson List_LH'!$H31+'Regresson List_LH'!$I31*Hotel!$C$23+'Regresson List_LH'!$J31*Hotel!$C$23^2,=P67-Hotel!$F$35,=1-(Q67/P67),Y,,=U61,=V61,,=U67*Hotel!$F$18,=X67/12000,=V67*Hotel!$F$27,=Z67/12000,=Y67-AA67,Y,,,,=#REF!,,,,,,,,,,,,,,,,,,,,,,,,,,,,,,,,,,,,,,,,,,,,,,,
Single,Double,Large,Hotel,FCU,Natural Gas,,100,"=CONCATENATE(A68,B68,C68,D68,E68,F68,H68)",0,='Regresson List_LH'!K13+'Regresson List_LH'!L13*Hotel!$C$24+'Regresson List_LH'!M13*Hotel!$C$24^2,='Regresson List_LH'!H13+'Regresson List_LH'!I13*Hotel!$C$23+'Regresson List_LH'!J13*Hotel!$C$23^2,,Y,,='Regresson List_LH'!$H32+'Regresson List_LH'!$I32*Hotel!$C$23+'Regresson List_LH'!$J32*Hotel!$C$23^2,=P68-Hotel!$F$35,=1-(Q68/P68),Y,,=U62,=V62,,=U68*Hotel!$F$18,=X68/12000,=V68*Hotel!$F$27,=Z68/12000,=Y68-AA68,Y,,,,=AG69,,,,,,,,,,,,,,,,,,,,,,,,,,,,,,,,,,,,,,,,,,,,,,,
Double,Single,Large,Hotel,FCU,Natural Gas,,33,"=CONCATENATE(A69,B69,C69,D69,E69,F69,H69)",0,='Regresson List_LH'!K14+'Regresson List_LH'!L14*Hotel!$C$24+'Regresson List_LH'!M14*Hotel!$C$24^2,='Regresson List_LH'!H14+'Regresson List_LH'!I14*Hotel!$C$23+'Regresson List_LH'!J14*Hotel!$C$23^2,,Y,,='Regresson List_LH'!$H33+'Regresson List_LH'!$I33*Hotel!$C$23+'Regresson List_LH'!$J33*Hotel!$C$23^2,=P69-Hotel!$F$35,=1-(Q69/P69),Y,,=U63,=V63,,=U69*Hotel!$F$18,=X69/12000,=V69*Hotel!$F$27,=Z69/12000,=Y69-AA69,Y,,,,=#REF!,,,,,,,,,,,,,,,,,,,,,,,,,,,,,,,,,,,,,,,,,,,,,,,
Double,Single,Large,Hotel,FCU,Natural Gas,,100,"=CONCATENATE(A70,B70,C70,D70,E70,F70,H70)",0,='Regresson List_LH'!K15+'Regresson List_LH'!L15*Hotel!$C$24+'Regresson List_LH'!M15*Hotel!$C$24^2,='Regresson List_LH'!H15+'Regresson List_LH'!I15*Hotel!$C$23+'Regresson List_LH'!J15*Hotel!$C$23^2,,Y,,='Regresson List_LH'!$H34+'Regresson List_LH'!$I34*Hotel!$C$23+'Regresson List_LH'!$J34*Hotel!$C$23^2,=P70-Hotel!$F$35,=1-(Q70/P70),Y,,=U64,=V64,,=U70*Hotel!$F$18,=X70/12000,=V70*Hotel!$F$27,=Z70/12000,=Y70-AA70,Y,,,,='Regresson List_LH'!D37+'Regresson List_LH'!E37*Hotel!$C$24+'Regresson List_LH'!F37*Hotel!$C$24^2+'Regresson List_LH'!G37*Hotel!$C$24^3,,,,,,,,,,,,,,,,,,,,,,,,,,,,,,,,,,,,,,,,,,,,,,,
Single,Single,,PS,FCU,Electric,,,"=CONCATENATE(A71,B71,C71,D71,E71,F71,H71)",='Regresson List_PS'!G4+'Regresson List_PS'!H4*School!$C$23+'Regresson List_PS'!I4*School!$C$23^2,='Regresson List_PS'!J4+'Regresson List_PS'!K4*School!$C$24+'Regresson List_PS'!L4*School!$C$24^2,0,,Y,,='Regresson List_PS'!G34+'Regresson List_PS'!H34*School!$C$23+'Regresson List_PS'!I34*School!$C$23^2,=P71-School!$F$35,=1-(Q71/P71),Y,,='Regresson List_PS'!G23+'Regresson List_PS'!H23*School!$C$24+'Regresson List_PS'!I23*School!$C$24^2,='Regresson List_PS'!J23+'Regresson List_PS'!K23*School!$C$24+'Regresson List_PS'!L23*School!$C$24^2,,=U71*School!$F$18,=X71/12000,=V71*School!$F$27,=Z71/12000,=Y71-AA71,Y,,,,=AG83,,,,,,,,,,,,,,,,,,,,,,,,,,,,,,,,,,,,,,,,,,,,,,,
Single,Double,,PS,FCU,Electric,,,"=CONCATENATE(A72,B72,C72,D72,E72,F72,H72)",='Regresson List_PS'!G5+'Regresson List_PS'!H5*School!$C$23+'Regresson List_PS'!I5*School!$C$23^2,='Regresson List_PS'!J5+'Regresson List_PS'!K5*School!$C$24+'Regresson List_PS'!L5*School!$C$24^2,0,,Y,,=P71,=P72-School!$F$35,=1-(Q72/P72),Y,,='Regresson List_PS'!G24+'Regresson List_PS'!H24*School!$C$24+'Regresson List_PS'!I24*School!$C$24^2,='Regresson List_PS'!J24+'Regresson List_PS'!K24*School!$C$24+'Regresson List_PS'!L24*School!$C$24^2,,=U72*School!$F$18,=X72/12000,=V72*School!$F$27,=Z72/12000,=Y72-AA72,Y,,,,=AG84,,,,,,,,,,,,,,,,,,,,,,,,,,,,,,,,,,,,,,,,,,,,,,,
Double,Single,,PS,FCU,Electric,,,"=CONCATENATE(A73,B73,C73,D73,E73,F73,H73)",='Regresson List_PS'!G6+'Regresson List_PS'!H6*School!$C$23+'Regresson List_PS'!I6*School!$C$23^2,='Regresson List_PS'!J6+'Regresson List_PS'!K6*School!$C$24+'Regresson List_PS'!L6*School!$C$24^2,0,,Y,,='Regresson List_PS'!G35+'Regresson List_PS'!H35*School!$C$23+'Regresson List_PS'!I35*School!$C$23^2,=P73-School!$F$35,=1-(Q73/P73),Y,,='Regresson List_PS'!G25+'Regresson List_PS'!H25*School!$C$24+'Regresson List_PS'!I25*School!$C$24^2,='Regresson List_PS'!J25+'Regresson List_PS'!K25*School!$C$24+'Regresson List_PS'!L25*School!$C$24^2,,=U73*School!$F$18,=X73/12000,=V73*School!$F$27,=Z73/12000,=Y73-AA73,Y,,,,=AG85,,,,,,,,,,,,,,,,,,,,,,,,,,,,,,,,,,,,,,,,,,,,,,,
Single,Single,,PS,VAV,Electric,,,"=CONCATENATE(A74,B74,C74,D74,E74,F74,H74)",='Regresson List_PS'!G7+'Regresson List_PS'!H7*School!$C$23+'Regresson List_PS'!I7*School!$C$23^2,='Regresson List_PS'!J7+'Regresson List_PS'!K7*School!$C$24+'Regresson List_PS'!L7*School!$C$24^2,0,,Y,,='Regresson List_PS'!G30+'Regresson List_PS'!H30*School!$C$23+'Regresson List_PS'!I30*School!$C$23^2,=P74-School!$F$35,=1-(Q74/P74),Y,,=U71,=V71,,=U74*School!$F$18,=X74/12000,=V74*School!$F$27,=Z74/12000,=Y74-AA74,Y,,,,=AG75,,,,,,,,,,,,,,,,,,,,,,,,,,,,,,,,,,,,,,,,,,,,,,,
Single,Double,,PS,VAV,Electric,,,"=CONCATENATE(A75,B75,C75,D75,E75,F75,H75)",='Regresson List_PS'!G8+'Regresson List_PS'!H8*School!$C$23+'Regresson List_PS'!I8*School!$C$23^2,='Regresson List_PS'!J8+'Regresson List_PS'!K8*School!$C$24+'Regresson List_PS'!L8*School!$C$24^2,0,,Y,,=P74,=P75-School!$F$35,=1-(Q75/P75),Y,,=U72,=V72,,=U75*School!$F$18,=X75/12000,=V75*School!$F$27,=Z75/12000,=Y75-AA75,Y,,,,=AG76,,,,,,,,,,,,,,,,,,,,,,,,,,,,,,,,,,,,,,,,,,,,,,,
Double,Single,,PS,VAV,Electric,,,"=CONCATENATE(A76,B76,C76,D76,E76,F76,H76)",='Regresson List_PS'!G9+'Regresson List_PS'!H9*School!$C$23+'Regresson List_PS'!I9*School!$C$23^2,='Regresson List_PS'!J9+'Regresson List_PS'!K9*School!$C$24+'Regresson List_PS'!L9*School!$C$24^2,0,,Y,,='Regresson List_PS'!G31+'Regresson List_PS'!H31*School!$C$23+'Regresson List_PS'!I31*School!$C$23^2,=P76-School!$F$35,=1-(Q76/P76),Y,,=U73,=V73,,=U76*School!$F$18,=X76/12000,=V76*School!$F$27,=Z76/12000,=Y76-AA76,Y,,,,=AG94,,,,,,,,,,,,,,,,,,,,,,,,,,,,,,,,,,,,,,,,,,,,,,,
Single,Single,,PS,FCU,Natural Gas,,,"=CONCATENATE(A77,B77,C77,D77,E77,F77,H77)",0,=K71,='Regresson List_PS'!G10+'Regresson List_PS'!H10*School!$C$23+'Regresson List_PS'!I10*School!$C$23^2,,Y,,='Regresson List_PS'!G36+'Regresson List_PS'!H36*School!$C$23+'Regresson List_PS'!I36*School!$C$23^2,=P77-School!$F$35,=1-(Q77/P77),Y,,=U74,=V74,,=U77*School!$F$18,=X77/12000,=V77*School!$F$27,=Z77/12000,=Y77-AA77,Y,,,,=AG78,,,,,,,,,,,,,,,,,,,,,,,,,,,,,,,,,,,,,,,,,,,,,,,
Single,Double,,PS,FCU,Natural Gas,,,"=CONCATENATE(A78,B78,C78,D78,E78,F78,H78)",0,=K72,='Regresson List_PS'!G11+'Regresson List_PS'!H11*School!$C$23+'Regresson List_PS'!I11*School!$C$23^2,,Y,,=P77,=P78-School!$F$35,=1-(Q78/P78),Y,,=U75,=V75,,=U78*School!$F$18,=X78/12000,=V78*School!$F$27,=Z78/12000,=Y78-AA78,Y,,,,=AG79,,,,,,,,,,,,,,,,,,,,,,,,,,,,,,,,,,,,,,,,,,,,,,,
Double,Single,,PS,FCU,Natural Gas,,,"=CONCATENATE(A79,B79,C79,D79,E79,F79,H79)",0,=K73,='Regresson List_PS'!G12+'Regresson List_PS'!H12*School!$C$23+'Regresson List_PS'!I12*School!$C$23^2,,Y,,='Regresson List_PS'!G37+'Regresson List_PS'!H37*School!$C$23+'Regresson List_PS'!I37*School!$C$23^2,=P79-School!$F$35,=1-(Q79/P79),Y,,=U76,=V76,,=U79*School!$F$18,=X79/12000,=V79*School!$F$27,=Z79/12000,=Y79-AA79,Y,,,,=AG85,,,,,,,,,,,,,,,,,,,,,,,,,,,,,,,,,,,,,,,,,,,,,,,
Single,Single,,PS,VAV,Natural Gas,,,"=CONCATENATE(A80,B80,C80,D80,E80,F80,H80)",0,=K74,='Regresson List_PS'!G13+'Regresson List_PS'!H13*School!$C$23+'Regresson List_PS'!I13*School!$C$23^2,,Y,,='Regresson List_PS'!G32+'Regresson List_PS'!H32*School!$C$23+'Regresson List_PS'!I32*School!$C$23^2,=P80-School!$F$35,=1-(Q80/P80),Y,,=U77,=V77,,=U80*School!$F$18,=X80/12000,=V80*School!$F$27,=Z80/12000,=Y80-AA80,Y,,,,=AG81,,,,,,,,,,,,,,,,,,,,,,,,,,,,,,,,,,,,,,,,,,,,,,,
Single,Double,,PS,VAV,Natural Gas,,,"=CONCATENATE(A81,B81,C81,D81,E81,F81,H81)",0,=K75,='Regresson List_PS'!G14+'Regresson List_PS'!H14*School!$C$23+'Regresson List_PS'!I14*School!$C$23^2,,Y,,=P80,=P81-School!$F$35,=1-(Q81/P81),Y,,=U78,=V78,,=U81*School!$F$18,=X81/12000,=V81*School!$F$27,=Z81/12000,=Y81-AA81,Y,,,,=AG82,,,,,,,,,,,,,,,,,,,,,,,,,,,,,,,,,,,,,,,,,,,,,,,
Double,Single,,PS,VAV,Natural Gas,,,"=CONCATENATE(A82,B82,C82,D82,E82,F82,H82)",0,=K76,='Regresson List_PS'!G15+'Regresson List_PS'!H15*School!$C$23+'Regresson List_PS'!I15*School!$C$23^2,,Y,,='Regresson List_PS'!G33+'Regresson List_PS'!H33*School!$C$23+'Regresson List_PS'!I33*School!$C$23^2,=P82-School!$F$35,=1-(Q82/P82),Y,,=U79,=V79,,=U82*School!$F$18,=X82/12000,=V82*School!$F$27,=Z82/12000,=Y82-AA82,Y,,,,=AG94,,,,,,,,,,,,,,,,,,,,,,,,,,,,,,,,,,,,,,,,,,,,,,,
Single,Single,,SS,FCU,Electric,,,"=CONCATENATE(A83,B83,C83,D83,E83,F83,H83)",='Regresson List_SS'!G4+'Regresson List_SS'!H4*School!$C$23+'Regresson List_SS'!I4*School!$C$23^2,='Regresson List_SS'!J4+'Regresson List_SS'!K4*School!$C$24+'Regresson List_SS'!L4*School!$C$24^2,0,,Y,,='Regresson List_SS'!G34+'Regresson List_SS'!H34*School!$C$23+'Regresson List_SS'!I34*School!$C$23^2,=P83-School!$F$35,=1-(Q83/P83),Y,,='Regresson List_SS'!G23+'Regresson List_SS'!H23*School!$C$24+'Regresson List_SS'!I23*School!$C$24^2,='Regresson List_SS'!J23+'Regresson List_SS'!K23*School!$C$24+'Regresson List_SS'!L23*School!$C$24^2,,=U83*School!$F$18,=X83/12000,=V83*School!$F$27,=Z83/12000,=Y83-AA83,Y,,,,=AG84,,,,,,,,,,,,,,,,,,,,,,,,,,,,,,,,,,,,,,,,,,,,,,,
Single,Double,,SS,FCU,Electric,,,"=CONCATENATE(A84,B84,C84,D84,E84,F84,H84)",='Regresson List_SS'!G5+'Regresson List_SS'!H5*School!$C$23+'Regresson List_SS'!I5*School!$C$23^2,='Regresson List_SS'!J5+'Regresson List_SS'!K5*School!$C$24+'Regresson List_SS'!L5*School!$C$24^2,0,,Y,,=P83,=P84-School!$F$35,=1-(Q84/P84),Y,,='Regresson List_SS'!G24+'Regresson List_SS'!H24*School!$C$24+'Regresson List_SS'!I24*School!$C$24^2,='Regresson List_SS'!J24+'Regresson List_SS'!K24*School!$C$24+'Regresson List_SS'!L24*School!$C$24^2,,=U84*School!$F$18,=X84/12000,=V84*School!$F$27,=Z84/12000,=Y84-AA84,Y,,,,=AG85,,,,,,,,,,,,,,,,,,,,,,,,,,,,,,,,,,,,,,,,,,,,,,,
Double,Single,,SS,FCU,Electric,,,"=CONCATENATE(A85,B85,C85,D85,E85,F85,H85)",='Regresson List_SS'!G6+'Regresson List_SS'!H6*School!$C$23+'Regresson List_SS'!I6*School!$C$23^2,='Regresson List_SS'!J6+'Regresson List_SS'!K6*School!$C$24+'Regresson List_SS'!L6*School!$C$24^2,0,,Y,,='Regresson List_SS'!G35+'Regresson List_SS'!H35*School!$C$23+'Regresson List_SS'!I35*School!$C$23^2,=P85-School!$F$35,=1-(Q85/P85),Y,,='Regresson List_SS'!G25+'Regresson List_SS'!H25*School!$C$24+'Regresson List_SS'!I25*School!$C$24^2,='Regresson List_SS'!J25+'Regresson List_SS'!K25*School!$C$24+'Regresson List_SS'!L25*School!$C$24^2,,=U85*School!$F$18,=X85/12000,=V85*School!$F$27,=Z85/12000,=Y85-AA85,Y,,,,='Regresson List_SS'!$D$41+'Regresson List_SS'!$E$41*School!$C$24+'Regresson List_SS'!$F$41*School!$C$24^2+'Regresson List_SS'!$G$41*School!$C$24^3,,,,,,,,,,,,,,,,,,,,,,,,,,,,,,,,,,,,,,,,,,,,,,,
Single,Single,,SS,VAV,Electric,,,"=CONCATENATE(A86,B86,C86,D86,E86,F86,H86)",='Regresson List_SS'!G7+'Regresson List_SS'!H7*School!$C$23+'Regresson List_SS'!I7*School!$C$23^2,='Regresson List_SS'!J7+'Regresson List_SS'!K7*School!$C$24+'Regresson List_SS'!L7*School!$C$24^2,0,,Y,,='Regresson List_SS'!G30+'Regresson List_SS'!H30*School!$C$23+'Regresson List_SS'!I30*School!$C$23^2,=P86-School!$F$35,=1-(Q86/P86),Y,,=U83,=V83,,=U86*School!$F$18,=X86/12000,=V86*School!$F$27,=Z86/12000,=Y86-AA86,Y,,,,=AG87,,,,,,,,,,,,,,,,,,,,,,,,,,,,,,,,,,,,,,,,,,,,,,,
Single,Double,,SS,VAV,Electric,,,"=CONCATENATE(A87,B87,C87,D87,E87,F87,H87)",='Regresson List_SS'!G8+'Regresson List_SS'!H8*School!$C$23+'Regresson List_SS'!I8*School!$C$23^2,='Regresson List_SS'!J8+'Regresson List_SS'!K8*School!$C$24+'Regresson List_SS'!L8*School!$C$24^2,0,,Y,,=P86,=P87-School!$F$35,=1-(Q87/P87),Y,,=U84,=V84,,=U87*School!$F$18,=X87/12000,=V87*School!$F$27,=Z87/12000,=Y87-AA87,Y,,,,=AG88,,,,,,,,,,,,,,,,,,,,,,,,,,,,,,,,,,,,,,,,,,,,,,,
Double,Single,,SS,VAV,Electric,,,"=CONCATENATE(A88,B88,C88,D88,E88,F88,H88)",='Regresson List_SS'!G9+'Regresson List_SS'!H9*School!$C$23+'Regresson List_SS'!I9*School!$C$23^2,='Regresson List_SS'!J9+'Regresson List_SS'!K9*School!$C$24+'Regresson List_SS'!L9*School!$C$24^2,0,,Y,,='Regresson List_SS'!G31+'Regresson List_SS'!H31*School!$C$23+'Regresson List_SS'!I31*School!$C$23^2,=P88-School!$F$35,=1-(Q88/P88),Y,,=U85,=V85,,=U88*School!$F$18,=X88/12000,=V88*School!$F$27,=Z88/12000,=Y88-AA88,Y,,,,=AG92,,,,,,,,,,,,,,,,,,,,,,,,,,,,,,,,,,,,,,,,,,,,,,,
Single,Single,,SS,FCU,Natural Gas,,,"=CONCATENATE(A89,B89,C89,D89,E89,F89,H89)",0,=K83,='Regresson List_SS'!G10+'Regresson List_SS'!H10*School!$C$23+'Regresson List_SS'!I10*School!$C$23^2,,Y,,='Regresson List_SS'!G36+'Regresson List_SS'!H36*School!$C$23+'Regresson List_SS'!I36*School!$C$23^2,=P89-School!$F$35,=1-(Q89/P89),Y,,=U86,=V86,,=U89*School!$F$18,=X89/12000,=V89*School!$F$27,=Z89/12000,=Y89-AA89,Y,,,,=AG90,,,,,,,,,,,,,,,,,,,,,,,,,,,,,,,,,,,,,,,,,,,,,,,
Single,Double,,SS,FCU,Natural Gas,,,"=CONCATENATE(A90,B90,C90,D90,E90,F90,H90)",0,=K84,='Regresson List_SS'!G11+'Regresson List_SS'!H11*School!$C$23+'Regresson List_SS'!I11*School!$C$23^2,,Y,,=P89,=P90-School!$F$35,=1-(Q90/P90),Y,,=U87,=V87,,=U90*School!$F$18,=X90/12000,=V90*School!$F$27,=Z90/12000,=Y90-AA90,Y,,,,=AG91,,,,,,,,,,,,,,,,,,,,,,,,,,,,,,,,,,,,,,,,,,,,,,,
Double,Single,,SS,FCU,Natural Gas,,,"=CONCATENATE(A91,B91,C91,D91,E91,F91,H91)",0,=K85,='Regresson List_SS'!G12+'Regresson List_SS'!H12*School!$C$23+'Regresson List_SS'!I12*School!$C$23^2,,Y,,='Regresson List_SS'!G37+'Regresson List_SS'!H37*School!$C$23+'Regresson List_SS'!I37*School!$C$23^2,=P91-School!$F$35,=1-(Q91/P91),Y,,=U88,=V88,,=U91*School!$F$18,=X91/12000,=V91*School!$F$27,=Z91/12000,=Y91-AA91,Y,,,,=AG85,,,,,,,,,,,,,,,,,,,,,,,,,,,,,,,,,,,,,,,,,,,,,,,
Single,Single,,SS,VAV,Natural Gas,,,"=CONCATENATE(A92,B92,C92,D92,E92,F92,H92)",0,=K86,='Regresson List_SS'!G13+'Regresson List_SS'!H13*School!$C$23+'Regresson List_SS'!I13*School!$C$23^2,,Y,,='Regresson List_SS'!G32+'Regresson List_SS'!H32*School!$C$23+'Regresson List_SS'!I32*School!$C$23^2,=P92-School!$F$35,=1-(Q92/P92),Y,,=U89,=V89,,=U92*School!$F$18,=X92/12000,=V92*School!$F$27,=Z92/12000,=Y92-AA92,Y,,,,=AG93,,,,,,,,,,,,,,,,,,,,,,,,,,,,,,,,,,,,,,,,,,,,,,,
Single,Double,,SS,VAV,Natural Gas,,,"=CONCATENATE(A93,B93,C93,D93,E93,F93,H93)",0,=K87,='Regresson List_SS'!G14+'Regresson List_SS'!H14*School!$C$23+'Regresson List_SS'!I14*School!$C$23^2,,Y,,=P92,=P93-School!$F$35,=1-(Q93/P93),Y,,=U90,=V90,,=U93*School!$F$18,=X93/12000,=V93*School!$F$27,=Z93/12000,=Y93-AA93,Y,,,,=AG94,,,,,,,,,,,,,,,,,,,,,,,,,,,,,,,,,,,,,,,,,,,,,,,
Double,Single,,SS,VAV,Natural Gas,,,"=CONCATENATE(A94,B94,C94,D94,E94,F94,H94)",0,=K88,='Regresson List_SS'!G15+'Regresson List_SS'!H15*School!$C$23+'Regresson List_SS'!I15*School!$C$23^2,,Y,,='Regresson List_SS'!G33+'Regresson List_SS'!H33*School!$C$23+'Regresson List_SS'!I33*School!$C$23^2,=P94-School!$F$35,=1-(Q94/P94),Y,,=U91,=V91,,=U94*School!$F$18,=X94/12000,=V94*School!$F$27,=Z94/12000,=Y94-AA94,Y,,,,='Regresson List_SS'!$D$40+'Regresson List_SS'!$E$40*School!$C$24+'Regresson List_SS'!$F$40*School!$C$24^2+'Regresson List_SS'!$G$40*School!$C$24^3,,,,,,,,,,,,,,,,,,,,,,,,,,,,,,,,,,,,,,,,,,,,,,,
Single,Single,,Hosp,VAV,Electric,,,"=CONCATENATE(A95,B95,C95,D95,E95,F95)",=('Regresson List_Hosp'!G4+'Regresson List_Hosp'!H4*Hospital!$C$23+'Regresson List_Hosp'!I4*Hospital!$C$23^2),=('Regresson List_Hosp'!J4+'Regresson List_Hosp'!K4*Hospital!$C$24+'Regresson List_Hosp'!L4*Hospital!$C$24^2),0,,Y,,='Regresson List_Hosp'!$G$22+'Regresson List_Hosp'!$H$22*Hospital!$C$23+'Regresson List_Hosp'!$I$22*Hospital!$C$23^2,=P95-Hospital!$F$35,=1-(Q95/P95),Y,,='Regresson List_Hosp'!$G$14+'Regresson List_Hosp'!$H$14*Hospital!$C$24+'Regresson List_Hosp'!$I$14*Hospital!$C$24^2,=('Regresson List_Hosp'!$J$14+'Regresson List_Hosp'!$K$14*Hospital!$C$24+'Regresson List_Hosp'!$L$14*Hospital!$C$24^2),,=U95*Hospital!$F$18,=X95/12000,=V95*Hospital!$F$27,=Z95/12000,=Y95-AA95,Y,,,,=AG96,,,,,,,,,,,,,,,,,,,,,,,,,,,,,,,,,,,,,,,,,,,,,,,
Single,Double,,Hosp,VAV,Electric,,,"=CONCATENATE(A96,B96,C96,D96,E96,F96)",=('Regresson List_Hosp'!G5+'Regresson List_Hosp'!H5*Hospital!$C$23+'Regresson List_Hosp'!I5*Hospital!$C$23^2),=('Regresson List_Hosp'!J5+'Regresson List_Hosp'!K5*Hospital!$C$24+'Regresson List_Hosp'!L5*Hospital!$C$24^2),0,,Y,,='Regresson List_Hosp'!$G$22+'Regresson List_Hosp'!$H$22*Hospital!$C$23+'Regresson List_Hosp'!$I$22*Hospital!$C$23^2,=P96-Hospital!$F$35,=1-(Q96/P96),Y,,='Regresson List_Hosp'!$G$15+'Regresson List_Hosp'!$H$15*Hospital!$C$24+'Regresson List_Hosp'!$I$15*Hospital!$C$24^2,=('Regresson List_Hosp'!$J$15+'Regresson List_Hosp'!$K$15*Hospital!$C$24+'Regresson List_Hosp'!$L$15*Hospital!$C$24^2),,=U96*Hospital!$F$18,=X96/12000,=V96*Hospital!$F$27,=Z96/12000,=Y96-AA96,Y,,,,=AG97,,,,,,,,,,,,,,,,,,,,,,,,,,,,,,,,,,,,,,,,,,,,,,,
Double,Single,,Hosp,VAV,Electric,,,"=CONCATENATE(A97,B97,C97,D97,E97,F97)",=('Regresson List_Hosp'!G6+'Regresson List_Hosp'!H6*Hospital!$C$23+'Regresson List_Hosp'!I6*Hospital!$C$23^2),=('Regresson List_Hosp'!J6+'Regresson List_Hosp'!K6*Hospital!$C$24+'Regresson List_Hosp'!L6*Hospital!$C$24^2),0,,Y,,='Regresson List_Hosp'!$G$22+'Regresson List_Hosp'!$H$22*Hospital!$C$23+'Regresson List_Hosp'!$I$22*Hospital!$C$23^2,=P97-Hospital!$F$35,=1-(Q97/P97),Y,,='Regresson List_Hosp'!$G$16+'Regresson List_Hosp'!$H$16*Hospital!$C$24+'Regresson List_Hosp'!$I$16*Hospital!$C$24^2,=('Regresson List_Hosp'!$J$16+'Regresson List_Hosp'!$K$16*Hospital!$C$24+'Regresson List_Hosp'!$L$16*Hospital!$C$24^2),,=U97*Hospital!$F$18,=X97/12000,=V97*Hospital!$F$27,=Z97/12000,=Y97-AA97,Y,,,,=AG98,,,,,,,,,,,,,,,,,,,,,,,,,,,,,,,,,,,,,,,,,,,,,,,
Single,Single,,Hosp,VAV,Natural Gas,,,"=CONCATENATE(A98,B98,C98,D98,E98,F98)",0,=('Regresson List_Hosp'!J7+'Regresson List_Hosp'!K7*Hospital!$C$24+'Regresson List_Hosp'!L7*Hospital!$C$24^2),=('Regresson List_Hosp'!G7+'Regresson List_Hosp'!H7*School!$C$23+'Regresson List_Hosp'!I7*School!$C$23^2),,Y,,='Regresson List_Hosp'!$G$23+'Regresson List_Hosp'!$H$23*Hospital!$C$23+'Regresson List_Hosp'!$I$23*Hospital!$C$23^2,=P98-Hospital!$F$35,=1-(Q98/P98),Y,,='Regresson List_Hosp'!$G$14+'Regresson List_Hosp'!$H$14*Hospital!$C$24+'Regresson List_Hosp'!$I$14*Hospital!$C$24^2,=('Regresson List_Hosp'!$J$14+'Regresson List_Hosp'!$K$14*Hospital!$C$24+'Regresson List_Hosp'!$L$14*Hospital!$C$24^2),,=U98*Hospital!$F$18,=X98/12000,=V98*Hospital!$F$27,=Z98/12000,=Y98-AA98,Y,,,,=AG99,,,,,,,,,,,,,,,,,,,,,,,,,,,,,,,,,,,,,,,,,,,,,,,
Single,Double,,Hosp,VAV,Natural Gas,,,"=CONCATENATE(A99,B99,C99,D99,E99,F99)",0,=('Regresson List_Hosp'!J8+'Regresson List_Hosp'!K8*Hospital!$C$24+'Regresson List_Hosp'!L8*Hospital!$C$24^2),=('Regresson List_Hosp'!G8+'Regresson List_Hosp'!H8*School!$C$23+'Regresson List_Hosp'!I8*School!$C$23^2),,Y,,='Regresson List_Hosp'!$G$23+'Regresson List_Hosp'!$H$23*Hospital!$C$23+'Regresson List_Hosp'!$I$23*Hospital!$C$23^2,=P99-Hospital!$F$35,=1-(Q99/P99),Y,,='Regresson List_Hosp'!$G$15+'Regresson List_Hosp'!$H$15*Hospital!$C$24+'Regresson List_Hosp'!$I$15*Hospital!$C$24^2,=('Regresson List_Hosp'!$J$15+'Regresson List_Hosp'!$K$15*Hospital!$C$24+'Regresson List_Hosp'!$L$15*Hospital!$C$24^2),,=U99*Hospital!$F$18,=X99/12000,=V99*Hospital!$F$27,=Z99/12000,=Y99-AA99,Y,,,,=AG100,,,,,,,,,,,,,,,,,,,,,,,,,,,,,,,,,,,,,,,,,,,,,,,
Double,Single,,Hosp,VAV,Natural Gas,,,"=CONCATENATE(A100,B100,C100,D100,E100,F100)",0,=('Regresson List_Hosp'!J9+'Regresson List_Hosp'!K9*Hospital!$C$24+'Regresson List_Hosp'!L9*Hospital!$C$24^2),=('Regresson List_Hosp'!G9+'Regresson List_Hosp'!H9*School!$C$23+'Regresson List_Hosp'!I9*School!$C$23^2),,Y,,='Regresson List_Hosp'!$G$23+'Regresson List_Hosp'!$H$23*Hospital!$C$23+'Regresson List_Hosp'!$I$23*Hospital!$C$23^2,=P100-Hospital!$F$35,=1-(Q100/P100),Y,,='Regresson List_Hosp'!$G$16+'Regresson List_Hosp'!$H$16*Hospital!$C$24+'Regresson List_Hosp'!$I$16*Hospital!$C$24^2,=('Regresson List_Hosp'!$J$16+'Regresson List_Hosp'!$K$16*Hospital!$C$24+'Regresson List_Hosp'!$L$16*Hospital!$C$24^2),,=U100*Hospital!$F$18,=X100/12000,=V100*Hospital!$F$27,=Z100/12000,=Y100-AA100,Y,,,,='Regresson List_Hosp'!$D$27+'Regresson List_Hosp'!$E$27*Hospital!$C$24+'Regresson List_Hosp'!$F$27*Hospital!$C$24^2+'Regresson List_Hosp'!$G$27*Hospital!$C$24^3,,,,,,,,,,,,,,,,,,,,,,,,,,,,,,,,,,,,,,,,,,,,,,,
Single,Single,Low,MF,PTAC,Electric,,,"=CONCATENATE(A101,B101,C101,D101,E101,F101)",=('Regresson List_MF'!H4+'Regresson List_MF'!I4*'Multi-family'!$C$23+'Regresson List_MF'!J4*'Multi-family'!$C$23^2),=('Regresson List_MF'!K4+'Regresson List_MF'!L4*'Multi-family'!$C$24+'Regresson List_MF'!M4*'Multi-family'!$C$24^2),0,,Y,,='Regresson List_MF'!$H$27+'Regresson List_MF'!$I$27*'Multi-family'!C23+'Regresson List_MF'!$J$27*'Multi-family'!C23^2,=P101-'Multi-family'!$F$36,=1-(Q101/P101),Y,,='Regresson List_MF'!$G$17+'Regresson List_MF'!$H$17*'Multi-family'!$C$24+'Regresson List_MF'!$I$17*'Multi-family'!$C$24^2,=('Regresson List_MF'!$J$17+'Regresson List_MF'!$K$17*'Multi-family'!$C$24+'Regresson List_MF'!$L$17*'Multi-family'!$C$24^2),,=U101*'Multi-family'!$F$18,=X101/12000,=V101*'Multi-family'!$F$28,=Z101/12000,=Y101-AA101,Y,,='Regresson List_MF'!H37+'Regresson List_MF'!I37*'Multi-family'!$C$23+'Regresson List_MF'!J37*'Multi-family'!$C$23^2+'Regresson List_MF'!K37*'Multi-family'!$C$23^3,='Regresson List_MF'!H50+'Regresson List_MF'!I50*'Multi-family'!$C$24+'Regresson List_MF'!J50*'Multi-family'!$C$24^2+'Regresson List_MF'!K50*'Multi-family'!$C$24^3,=AG102,,,,,,,,,,,,,,,,,,,,,,,,,,,,,,,,,,,,,,,,,,,,,,,
Single,Double,Low,MF,PTAC,Electric,,,"=CONCATENATE(A102,B102,C102,D102,E102,F102)",=('Regresson List_MF'!H5+'Regresson List_MF'!I5*'Multi-family'!$C$23+'Regresson List_MF'!J5*'Multi-family'!$C$23^2),=('Regresson List_MF'!K5+'Regresson List_MF'!L5*'Multi-family'!$C$24+'Regresson List_MF'!M5*'Multi-family'!$C$24^2),0,,Y,,='Regresson List_MF'!$H$27+'Regresson List_MF'!$I$27*'Multi-family'!C24+'Regresson List_MF'!$J$27*'Multi-family'!C24^2,=P102-'Multi-family'!$F$36,=1-(Q102/P102),Y,,='Regresson List_MF'!$G$18+'Regresson List_MF'!$H$18*'Multi-family'!$C$24+'Regresson List_MF'!$I$18*'Multi-family'!$C$24^2,=('Regresson List_MF'!$J$18+'Regresson List_MF'!$K$18*'Multi-family'!$C$24+'Regresson List_MF'!$L$18*'Multi-family'!$C$24^2),,=U102*'Multi-family'!$F$18,=X102/12000,=V102*'Multi-family'!$F$28,=Z102/12000,=Y102-AA102,Y,,='Regresson List_MF'!H38+'Regresson List_MF'!I38*'Multi-family'!$C$23+'Regresson List_MF'!J38*'Multi-family'!$C$23^2+'Regresson List_MF'!K38*'Multi-family'!$C$23^3,='Regresson List_MF'!H51+'Regresson List_MF'!I51*'Multi-family'!$C$24+'Regresson List_MF'!J51*'Multi-family'!$C$24^2+'Regresson List_MF'!K51*'Multi-family'!$C$24^3,=AG103,,,,,,,,,,,,,,,,,,,,,,,,,,,,,,,,,,,,,,,,,,,,,,,
Double,Single,Low,MF,PTAC,Electric,,,"=CONCATENATE(A103,B103,C103,D103,E103,F103)",=('Regresson List_MF'!H6+'Regresson List_MF'!I6*'Multi-family'!$C$23+'Regresson List_MF'!J6*'Multi-family'!$C$23^2),=('Regresson List_MF'!K6+'Regresson List_MF'!L6*'Multi-family'!$C$24+'Regresson List_MF'!M6*'Multi-family'!$C$24^2),0,,Y,,='Regresson List_MF'!$H$28+'Regresson List_MF'!$I$28*'Multi-family'!C25+'Regresson List_MF'!$J$28*'Multi-family'!C25^2,=P103-'Multi-family'!$F$36,=1-(Q103/P103),Y,,='Regresson List_MF'!$G$19+'Regresson List_MF'!$H$19*'Multi-family'!$C$24+'Regresson List_MF'!$I$19*'Multi-family'!$C$24^2,=('Regresson List_MF'!$J$19+'Regresson List_MF'!$K$19*'Multi-family'!$C$24+'Regresson List_MF'!$L$19*'Multi-family'!$C$24^2),,=U103*'Multi-family'!$F$18,=X103/12000,=V103*'Multi-family'!$F$28,=Z103/12000,=Y103-AA103,Y,,='Regresson List_MF'!H39+'Regresson List_MF'!I39*'Multi-family'!$C$23+'Regresson List_MF'!J39*'Multi-family'!$C$23^2+'Regresson List_MF'!K39*'Multi-family'!$C$23^3,='Regresson List_MF'!H52+'Regresson List_MF'!I52*'Multi-family'!$C$24+'Regresson List_MF'!J52*'Multi-family'!$C$24^2+'Regresson List_MF'!K52*'Multi-family'!$C$24^3,='Regresson List_MF'!$H$62+'Regresson List_MF'!$I$62*'Multi-family'!$C$24+'Regresson List_MF'!$J$62*'Multi-family'!$C$24^2+'Regresson List_MF'!$K$62*'Multi-family'!$C$24^3,,,,,,,,,,,,,,,,,,,,,,,,,,,,,,,,,,,,,,,,,,,,,,,
Single,Single,Mid,MF,FCU,Electric,,,"=CONCATENATE(A104,B104,C104,D104,E104,F104)",=('Regresson List_MF'!H7+'Regresson List_MF'!I7*'Multi-family'!$C$23+'Regresson List_MF'!J7*'Multi-family'!$C$23^2),=('Regresson List_MF'!K7+'Regresson List_MF'!L7*'Multi-family'!$C$24+'Regresson List_MF'!M7*'Multi-family'!$C$24^2),0,,Y,,='Regresson List_MF'!$H$29+'Regresson List_MF'!$I$29*'Multi-family'!$C$23+'Regresson List_MF'!$J$29*'Multi-family'!$C$23^2,=P104-'Multi-family'!$F$36,=1-(Q104/P104),Y,,='Regresson List_MF'!$G$20+'Regresson List_MF'!$H$20*'Multi-family'!$C$24+'Regresson List_MF'!$I$20*'Multi-family'!$C$24^2,=('Regresson List_MF'!$J$20+'Regresson List_MF'!$K$20*'Multi-family'!$C$24+'Regresson List_MF'!$L$20*'Multi-family'!$C$24^2),,=U104*'Multi-family'!$F$18,=X104/12000,=V104*'Multi-family'!$F$28,=Z104/12000,=Y104-AA104,Y,,='Regresson List_MF'!H40+'Regresson List_MF'!I40*'Multi-family'!$C$23+'Regresson List_MF'!J40*'Multi-family'!$C$23^2+'Regresson List_MF'!K40*'Multi-family'!$C$23^3,='Regresson List_MF'!H53+'Regresson List_MF'!I53*'Multi-family'!$C$24+'Regresson List_MF'!J53*'Multi-family'!$C$24^2+'Regresson List_MF'!K53*'Multi-family'!$C$24^3,=AG105,,,,,,,,,,,,,,,,,,,,,,,,,,,,,,,,,,,,,,,,,,,,,,,
Single,Double,Mid,MF,FCU,Electric,,,"=CONCATENATE(A105,B105,C105,D105,E105,F105)",=('Regresson List_MF'!H8+'Regresson List_MF'!I8*'Multi-family'!$C$23+'Regresson List_MF'!J8*'Multi-family'!$C$23^2),=('Regresson List_MF'!K8+'Regresson List_MF'!L8*'Multi-family'!$C$24+'Regresson List_MF'!M8*'Multi-family'!$C$24^2),0,,Y,,='Regresson List_MF'!$H$29+'Regresson List_MF'!$I$29*'Multi-family'!$C$23+'Regresson List_MF'!$J$29*'Multi-family'!$C$23^2,=P105-'Multi-family'!$F$36,=1-(Q105/P105),Y,,='Regresson List_MF'!$G$21+'Regresson List_MF'!$H$21*'Multi-family'!$C$24+'Regresson List_MF'!$I$21*'Multi-family'!$C$24^2,=('Regresson List_MF'!$J$21+'Regresson List_MF'!$K$21*'Multi-family'!$C$24+'Regresson List_MF'!$L$21*'Multi-family'!$C$24^2),,=U105*'Multi-family'!$F$18,=X105/12000,=V105*'Multi-family'!$F$28,=Z105/12000,=Y105-AA105,Y,,='Regresson List_MF'!H41+'Regresson List_MF'!I41*'Multi-family'!$C$23+'Regresson List_MF'!J41*'Multi-family'!$C$23^2+'Regresson List_MF'!K41*'Multi-family'!$C$23^3,='Regresson List_MF'!H54+'Regresson List_MF'!I54*'Multi-family'!$C$24+'Regresson List_MF'!J54*'Multi-family'!$C$24^2+'Regresson List_MF'!K54*'Multi-family'!$C$24^3,=AG106,,,,,,,,,,,,,,,,,,,,,,,,,,,,,,,,,,,,,,,,,,,,,,,
Double,Single,Mid,MF,FCU,Electric,,,"=CONCATENATE(A106,B106,C106,D106,E106,F106)",=('Regresson List_MF'!H9+'Regresson List_MF'!I9*'Multi-family'!$C$23+'Regresson List_MF'!J9*'Multi-family'!$C$23^2),=('Regresson List_MF'!K9+'Regresson List_MF'!L9*'Multi-family'!$C$24+'Regresson List_MF'!M9*'Multi-family'!$C$24^2),0,,Y,,='Regresson List_MF'!$H$30+'Regresson List_MF'!$I$30*'Multi-family'!$C$23+'Regresson List_MF'!$J$30*'Multi-family'!$C$23^2,=P106-'Multi-family'!$F$36,=1-(Q106/P106),Y,,='Regresson List_MF'!$G$22+'Regresson List_MF'!$H$22*'Multi-family'!$C$24+'Regresson List_MF'!$I$22*'Multi-family'!$C$24^2,=('Regresson List_MF'!$J$22+'Regresson List_MF'!$K$22*'Multi-family'!$C$24+'Regresson List_MF'!$L$22*'Multi-family'!$C$24^2),,=U106*'Multi-family'!$F$18,=X106/12000,=V106*'Multi-family'!$F$28,=Z106/12000,=Y106-AA106,Y,,='Regresson List_MF'!H42+'Regresson List_MF'!I42*'Multi-family'!$C$23+'Regresson List_MF'!J42*'Multi-family'!$C$23^2+'Regresson List_MF'!K42*'Multi-family'!$C$23^3,='Regresson List_MF'!H55+'Regresson List_MF'!I55*'Multi-family'!$C$24+'Regresson List_MF'!J55*'Multi-family'!$C$24^2+'Regresson List_MF'!K55*'Multi-family'!$C$24^3,=AG107,,,,,,,,,,,,,,,,,,,,,,,,,,,,,,,,,,,,,,,,,,,,,,,
Single,Single,Mid,MF,FCU,Natural Gas,,,"=CONCATENATE(A107,B107,C107,D107,E107,F107)",0,=('Regresson List_MF'!K10+'Regresson List_MF'!L10*'Multi-family'!$C$24+'Regresson List_MF'!M10*'Multi-family'!$C$24^2),='Regresson List_MF'!H10+'Regresson List_MF'!I10*'Multi-family'!$C$23+'Regresson List_MF'!J10*'Multi-family'!$C$23^2,,Y,,='Regresson List_MF'!$H$31+'Regresson List_MF'!$I$31*'Multi-family'!$C$23+'Regresson List_MF'!$J$31*'Multi-family'!$C$23^2,=P107-'Multi-family'!$F$36,=1-(Q107/P107),Y,,='Regresson List_MF'!$G$20+'Regresson List_MF'!$H$20*'Multi-family'!$C$24+'Regresson List_MF'!$I$20*'Multi-family'!$C$24^2,=('Regresson List_MF'!$J$20+'Regresson List_MF'!$K$20*'Multi-family'!$C$24+'Regresson List_MF'!$L$20*'Multi-family'!$C$24^2),,=U107*'Multi-family'!$F$18,=X107/12000,=V107*'Multi-family'!$F$28,=Z107/12000,=Y107-AA107,Y,,='Regresson List_MF'!H43+'Regresson List_MF'!I43*'Multi-family'!$C$23+'Regresson List_MF'!J43*'Multi-family'!$C$23^2+'Regresson List_MF'!K43*'Multi-family'!$C$23^3,='Regresson List_MF'!H56+'Regresson List_MF'!I56*'Multi-family'!$C$24+'Regresson List_MF'!J56*'Multi-family'!$C$24^2+'Regresson List_MF'!K56*'Multi-family'!$C$24^3,=AG108,,,,,,,,,,,,,,,,,,,,,,,,,,,,,,,,,,,,,,,,,,,,,,,
Single,Double,Mid,MF,FCU,Natural Gas,,,"=CONCATENATE(A108,B108,C108,D108,E108,F108)",0,=('Regresson List_MF'!K11+'Regresson List_MF'!L11*'Multi-family'!$C$24+'Regresson List_MF'!M11*'Multi-family'!$C$24^2),='Regresson List_MF'!H11+'Regresson List_MF'!I11*'Multi-family'!$C$23+'Regresson List_MF'!J11*'Multi-family'!$C$23^2,,Y,,='Regresson List_MF'!$H$31+'Regresson List_MF'!$I$31*'Multi-family'!$C$23+'Regresson List_MF'!$J$31*'Multi-family'!$C$23^2,=P108-'Multi-family'!$F$36,=1-(Q108/P108),Y,,='Regresson List_MF'!$G$21+'Regresson List_MF'!$H$21*'Multi-family'!$C$24+'Regresson List_MF'!$I$21*'Multi-family'!$C$24^2,=('Regresson List_MF'!$J$21+'Regresson List_MF'!$K$21*'Multi-family'!$C$24+'Regresson List_MF'!$L$21*'Multi-family'!$C$24^2),,=U108*'Multi-family'!$F$18,=X108/12000,=V108*'Multi-family'!$F$28,=Z108/12000,=Y108-AA108,Y,,='Regresson List_MF'!H44+'Regresson List_MF'!I44*'Multi-family'!$C$23+'Regresson List_MF'!J44*'Multi-family'!$C$23^2+'Regresson List_MF'!K44*'Multi-family'!$C$23^3,='Regresson List_MF'!H57+'Regresson List_MF'!I57*'Multi-family'!$C$24+'Regresson List_MF'!J57*'Multi-family'!$C$24^2+'Regresson List_MF'!K57*'Multi-family'!$C$24^3,=AG109,,,,,,,,,,,,,,,,,,,,,,,,,,,,,,,,,,,,,,,,,,,,,,,
Double,Single,Mid,MF,FCU,Natural Gas,,,"=CONCATENATE(A109,B109,C109,D109,E109,F109)",0,=('Regresson List_MF'!K12+'Regresson List_MF'!L12*'Multi-family'!$C$24+'Regresson List_MF'!M12*'Multi-family'!$C$24^2),='Regresson List_MF'!H12+'Regresson List_MF'!I12*'Multi-family'!$C$23+'Regresson List_MF'!J12*'Multi-family'!$C$23^2,,Y,,='Regresson List_MF'!$H$32+'Regresson List_MF'!$I$32*'Multi-family'!$C$23+'Regresson List_MF'!$J$32*'Multi-family'!$C$23^2,=P109-'Multi-family'!$F$36,=1-(Q109/P109),Y,,='Regresson List_MF'!$G$22+'Regresson List_MF'!$H$22*'Multi-family'!$C$24+'Regresson List_MF'!$I$22*'Multi-family'!$C$24^2,=('Regresson List_MF'!$J$22+'Regresson List_MF'!$K$22*'Multi-family'!$C$24+'Regresson List_MF'!$L$22*'Multi-family'!$C$24^2),,=U109*'Multi-family'!$F$18,=X109/12000,=V109*'Multi-family'!$F$28,=Z109/12000,=Y109-AA109,Y,,='Regresson List_MF'!H45+'Regresson List_MF'!I45*'Multi-family'!$C$23+'Regresson List_MF'!J45*'Multi-family'!$C$23^2+'Regresson List_MF'!K45*'Multi-family'!$C$23^3,='Regresson List_MF'!H58+'Regresson List_MF'!I58*'Multi-family'!$C$24+'Regresson List_MF'!J58*'Multi-family'!$C$24^2+'Regresson List_MF'!K58*'Multi-family'!$C$24^3,='Regresson List_MF'!$H$61+'Regresson List_MF'!$I$61*'Multi-family'!$C$24+'Regresson List_MF'!$J$61*'Multi-family'!$C$24^2+'Regresson List_MF'!$K$61*'Multi-family'!$C$24^3,,,,,,,,,,,,,,,,,,,,,,,,,,,,,,,,,,,,,,,,,,,,,,,
,,,,,,,,,,,,,,,,,,,,,,,,,,,,,,,,,,,,,,,,,,,,,,,,,,,,,,,,,,,,,,,,,,,,,,,,,,,,,,,
,,,,,,,,,,,,,,,,,,,,,,,,,,,,,,,,,,,,,,,,,,,,,,,,,,,,,,,,,,,,,,,,,,,,,,,,,,,,,,,
,,,,,,,,,,,,,,,,,,,,,,,,,,,,,,,,,,,,,,,,,,,,,,,,,,,,,,,,,,,,,,,,,,,,,,,,,,,,,,,
,,,,,,,,,,,,,,,,,,,,,,,,,,,,,,,,,,,,,,,,,,,,,,,,,,,,,,,,,,,,,,,,,,,,,,,,,,,,,,,
,,,,,,,,,,,,,,,,,,,,,,,,,,,,,,,,,,,,,,,,,,,,,,,,,,,,,,,,,,,,,,,,,,,,,,,,,,,,,,,
,,,,,,,,,,,,,,,,,,,,,,,,,,,,,,,,,,,,,,,,,,,,,,,,,,,,,,,,,,,,,,,,,,,,,,,,,,,,,,,
,,,,,,,,,,,,,,,,,,,,,,,,,,,,,,,,,,,,,,,,,,,,,,,,,,,,,,,,,,,,,,,,,,,,,,,,,,,,,,,
,,,,,,,,,,,,,,,,,,,,,,,,,,,,,,,,,,,,,,,,,,,,,,,,,,,,,,,,,,,,,,,,,,,,,,,,,,,,,,,
,,,,,,,,,,,,,,,,,,,,,,,,,,,,,,,,,,,,,,,,,,,,,,,,,,,,,,,,,,,,,,,,,,,,,,,,,,,,,,,
,,,,,,,,,,,,, ,,,,,,,,,,,,,,,,,,,,,,,,,,,,,,,,,,,,,,,,,,,,,,,,,,,,,,,,,,,,,,,,,,
,,,,,,,,,,,,,"=IF(M120=""OC"",L120,"""")",,,,,,,,,,,,,,,,,,,,,,,,,,,,,,,,,,,,,,,,,,,,,,,,,,,,,,,,,,,,,,,,,,
,,,,,,,,,,,,,"=IF(M121=""OC"",L121,"""")",,,,,,,,,,,,,,,,,,,,,,,,,,,,,,,,,,,,,,,,,,,,,,,,,,,,,,,,,,,,,,,,,,
,,,,,,,,,,,,,"=IF(M122=""OC"",L122,"""")",,,,,,,,,,,,,,,,,,,,,,,,,,,,,,,,,,,,,,,,,,,,,,,,,,,,,,,,,,,,,,,,,,
,,,,,,,,,,,,,,,,,,,,,,,,,,,,,,,,,,,,,,,,,,,,,,,,,,,,,,,,,,,,,,,,,,,,,,,,,,,,,,,
,,,,,,,,,,,,,,,,,,,,,,,,,,,,,,,,,,,,,,,,,,,,,,,,,,,,,,,,,,,,,,,,,,,,,,,,,,,,,,,
,,,,,,,,,,,,,,,,,,,,,,,,,,,,,,,,,,,,,,,,,,,,,,,,,,,,,,,,,,,,,,,,,,,,,,,,,,,,,,,
,,,,,,,,,,,,,,,,,,,,,,,,,,,,,,,,,,,,,,,,,,,,,,,,,,,,,,,,,,,,,,,,,,,,,,,,,,,,,,,
,,,,,,,,,,,,,,,,,,,,,,,,,,,,,,,,,,,,,,,,,,,,,,,,,,,,,,,,,,,,,,,,,,,,,,,,,,,,,,,
,,,,,,,,,,,,,,,,,,,,,,,,,,,,,,,,,,,,,,,,,,,,,,,,,,,,,,,,,,,,,,,,,,,,,,,,,,,,,,,
,,,,,,,,,,,,,,,,,,,,,,,,,,,,,,,,,,,,,,,,,,,,,,,,,,,,,,,,,,,,,,,,,,,,,,,,,,,,,,,
,,,,,,,,,,,,,,,,,,,,,,,,,,,,,,,,,,,,,,,,,,,,,,,,,,,,,,,,,,,,,,,,,,,,,,,,,,,,,,,
,,,,,,,,,,,,,,,,,,,,,,,,,,,,,,,,,,,,,,,,,,,,,,,,,,,,,,,,,,,,,,,,,,,,,,,,,,,,,,,
,,,,,,,,,,,,,,,,,,,,,,,,,,,,,,,,,,,,,,,,,,,,,,,,,,,,,,,,,,,,,,,,,,,,,,,,,,,,,,,
,,,,,,,,,,,,,,,,,,,,,,,,,,,,,,,,,,,,,,,,,,,,,,,,,,,,,,,,,,,,,,,,,,,,,,,,,,,,,,,
,,,,,,,,,,,,,,,,,,,,,,,,,,,,,,,,,,,,,,,,,,,,,,,,,,,,,,,,,,,,,,,,,,,,,,,,,,,,,,,
,,,,,,,,,,,,,,,,,,,,,,,,,,,,,,,,,,,,,,,,,,,,,,,,,,,,,,,,,,,,,,,,,,,,,,,,,,,,,,,
,,,,,,,,,,,,,,,,,,,,,,,,,,,,,,,,,,,,,,,,,,,,,,,,,,,,,,,,,,,,,,,,,,,,,,,,,,,,,,,
,,,,,,,,,,,,,,,,,,,,,,,,,,,,,,,,,,,,,,,,,,,,,,,,,,,,,,,,,,,,,,,,,,,,,,,,,,,,,,,
,,,,,,,,,,,,,,,,,,,,,,,,,,,,,,,,,,,,,,,,,,,,,,,,,,,,,,,,,,,,,,,,,,,,,,,,,,,,,,,
,,,,,,,,,,,,,"=IF(M139=""OC"",L139,"""")",,,,,,,,,,,,,,,,,,,,,,,,,,,,,,,,,,,,,,,,,,,,,,,,,,,,,,,,,,,,,,,,,,
,,,,,,,,,,,,,"=IF(M140=""OC"",L140,"""")",,,,,,,,,,,,,,,,,,,,,,,,,,,,,,,,,,,,,,,,,,,,,,,,,,,,,,,,,,,,,,,,,,
,,,,,,,,,,,,,"=IF(M141=""OC"",L141,"""")",,,,,,,,,,,,,,,,,,,,,,,,,,,,,,,,,,,,,,,,,,,,,,,,,,,,,,,,,,,,,,,,,,
,,,,,,,,,,,,,,,,,,,,,,,,,,,,,,,,,,,,,,,,,,,,,,,,,,,,,,,,,,,,,,,,,,,,,,,,,,,,,,,
,,,,,,,,,,,,,,,,,,,,,,,,,,,,,,,,,,,,,,,,,,,,,,,,,,,,,,,,,,,,,,,,,,,,,,,,,,,,,,,
,,,,,,,,,,,,,,,,,,,,,,,,,,,,,,,,,,,,,,,,,,,,,,,,,,,,,,,,,,,,,,,,,,,,,,,,,,,,,,,
,,,,,,,,,,,,,,,,,,,,,,,,,,,,,,,,,,,,,,,,,,,,,,,,,,,,,,,,,,,,,,,,,,,,,,,,,,,,,,,
,,,,,,,,,,,,,"=IF(M146=""OC"",L146,"""")",,,,,,,,,,,,,,,,,,,,,,,,,,,,,,,,,,,,,,,,,,,,,,,,,,,,,,,,,,,,,,,,,,
,,,,,,,,,,,,,"=IF(M147=""OC"",L147,"""")",,,,,,,,,,,,,,,,,,,,,,,,,,,,,,,,,,,,,,,,,,,,,,,,,,,,,,,,,,,,,,,,,,
,,,,,,,,,,,,,"=IF(M148=""OC"",L148,"""")",,,,,,,,,,,,,,,,,,,,,,,,,,,,,,,,,,,,,,,,,,,,,,,,,,,,,,,,,,,,,,,,,,
,,,,,,,,,,,,,"=IF(M149=""OC"",L149,"""")",,,,,,,,,,,,,,,,,,,,,,,,,,,,,,,,,,,,,,,,,,,,,,,,,,,,,,,,,,,,,,,,,,
,,,,,,,,,,,,,"=IF(M150=""OC"",L150,"""")",,,,,,,,,,,,,,,,,,,,,,,,,,,,,,,,,,,,,,,,,,,,,,,,,,,,,,,,,,,,,,,,,,
,,,,,,,,,,,,,"=IF(M151=""OC"",L151,"""")",,,,,,,,,,,,,,,,,,,,,,,,,,,,,,,,,,,,,,,,,,,,,,,,,,,,,,,,,,,,,,,,,,
,,,,,,,,,,,,,"=IF(M152=""OC"",L152,"""")",,,,,,,,,,,,,,,,,,,,,,,,,,,,,,,,,,,,,,,,,,,,,,,,,,,,,,,,,,,,,,,,,,
,,,,,,,,,,,,,"=IF(M153=""OC"",L153,"""")",,,,,,,,,,,,,,,,,,,,,,,,,,,,,,,,,,,,,,,,,,,,,,,,,,,,,,,,,,,,,,,,,,
,,,,,,,,,,,,,"=IF(M154=""OC"",L154,"""")",,,,,,,,,,,,,,,,,,,,,,,,,,,,,,,,,,,,,,,,,,,,,,,,,,,,,,,,,,,,,,,,,,
,,,,,,,,,,,,,"=IF(M155=""OC"",L155,"""")",,,,,,,,,,,,,,,,,,,,,,,,,,,,,,,,,,,,,,,,,,,,,,,,,,,,,,,,,,,,,,,,,,
,,,,,,,,,,,,,"=IF(M156=""OC"",L156,"""")",,,,,,,,,,,,,,,,,,,,,,,,,,,,,,,,,,,,,,,,,,,,,,,,,,,,,,,,,,,,,,,,,,
,,,,,,,,,,,,,"=IF(M157=""OC"",L157,"""")",,,,,,,,,,,,,,,,,,,,,,,,,,,,,,,,,,,,,,,,,,,,,,,,,,,,,,,,,,,,,,,,,,
,,,,,,,,,,,,,"=IF(M158=""OC"",L158,"""")",,,,,,,,,,,,,,,,,,,,,,,,,,,,,,,,,,,,,,,,,,,,,,,,,,,,,,,,,,,,,,,,,,
,,,,,,,,,,,,,,,,,,,,,,,,,,,,,,,,,,,,,,,,,,,,,,,,,,,,,,,,,,,,,,,,,,,,,,,,,,,,,,,
,,,,,,,,,,,,,,,,,,,,,,,,,,,,,,,,,,,,,,,,,,,,,,,,,,,,,,,,,,,,,,,,,,,,,,,,,,,,,,,
,,,,,,,,,,,,,=MIN(N119:N158),,,,,,,,,,,,,,,,,,,,,,,,,,,,,,,,,,,,,,,,,,,,,,,,,,,,,,,,,,,,,,,,,,
,,,,,,,,,,,,,=MAX(N119:N158),,,,,,,,,,,,,,,,,,,,,,,,,,,,,,,,,,,,,,,,,,,,,,,,,,,,,,,,,,,,,,,,,,
